[2026-04-24 15:52:04] local.ERROR: The C:\laragon\www\2311102179_Praktikum_ABP_02\wowo-inventory\bootstrap\cache directory must be present and writable. {"exception":"[object] (Exception(code: 0): The C:\\laragon\\www\\2311102179_Praktikum_ABP_02\\wowo-inventory\\bootstrap\\cache directory must be present and writable. at C:/laragon/www/2311102179_Praktikum_ABP_02/wowo-inventory/vendor/laravel/framework/src/Illuminate/Foundation/PackageManifest.php:179)
[stacktrace]
#0 C:/laragon/www/2311102179_Praktikum_ABP_02/wowo-inventory/vendor/laravel/framework/src/Illuminate/Foundation/PackageManifest.php(132): Illuminate/Foundation/PackageManifest->write(Array)
#1 C:/laragon/www/2311102179_Praktikum_ABP_02/wowo-inventory/vendor/laravel/framework/src/Illuminate/Foundation/PackageManifest.php(108): Illuminate/Foundation/PackageManifest->build()
#2 C:/laragon/www/2311102179_Praktikum_ABP_02/wowo-inventory/vendor/laravel/framework/src/Illuminate/Foundation/PackageManifest.php(91): Illuminate/Foundation/PackageManifest->getManifest()
#3 C:/laragon/www/2311102179_Praktikum_ABP_02/wowo-inventory/vendor/laravel/framework/src/Illuminate/Foundation/PackageManifest.php(80): Illuminate/Foundation/PackageManifest->config('aliases')
#4 C:/laragon/www/2311102179_Praktikum_ABP_02/wowo-inventory/vendor/laravel/framework/src/Illuminate/Foundation/Bootstrap/RegisterFacades.php(26): Illuminate/Foundation/PackageManifest->aliases()
#5 C:/laragon/www/2311102179_Praktikum_ABP_02/wowo-inventory/vendor/laravel/framework/src/Illuminate/Foundation/Application.php(342): Illuminate/Foundation/Bootstrap/RegisterFacades->bootstrap(Object(Illuminate/Foundation/Application))
#6 C:/laragon/www/2311102179_Praktikum_ABP_02/wowo-inventory/vendor/laravel/framework/src/Illuminate/Foundation/Console/Kernel.php(474): Illuminate/Foundation/Application->bootstrapWith(Array)
#7 C:/laragon/www/2311102179_Praktikum_ABP_02/wowo-inventory/vendor/laravel/framework/src/Illuminate/Foundation/Console/Kernel.php(196): Illuminate/Foundation/Console/Kernel->bootstrap()
#8 C:/laragon/www/2311102179_Praktikum_ABP_02/wowo-inventory/vendor/laravel/framework/src/Illuminate/Foundation/Application.php(1235): Illuminate/Foundation/Console/Kernel->handle(Object(Symfony/Component/Console/Input/ArgvInput), Object(Symfony/Component/Console/Output/ConsoleOutput))
#9 C:/laragon/www/2311102179_Praktikum_ABP_02/wowo-inventory/artisan(13): Illuminate/Foundation/Application->handleCommand(Object(Symfony/Component/Console/Input/ArgvInput))
#10 {main}
"} 
[2026-04-24 15:52:34] local.ERROR: The C:\laragon\www\2311102179_Praktikum_ABP_02\wowo-inventory\bootstrap\cache directory must be present and writable. {"exception":"[object] (Exception(code: 0): The C:\\laragon\\www\\2311102179_Praktikum_ABP_02\\wowo-inventory\\bootstrap\\cache directory must be present and writable. at C:/laragon/www/2311102179_Praktikum_ABP_02/wowo-inventory/vendor/laravel/framework/src/Illuminate/Foundation/PackageManifest.php:179)
[stacktrace]
#0 C:/laragon/www/2311102179_Praktikum_ABP_02/wowo-inventory/vendor/laravel/framework/src/Illuminate/Foundation/PackageManifest.php(132): Illuminate/Foundation/PackageManifest->write(Array)
#1 C:/laragon/www/2311102179_Praktikum_ABP_02/wowo-inventory/vendor/laravel/framework/src/Illuminate/Foundation/PackageManifest.php(108): Illuminate/Foundation/PackageManifest->build()
#2 C:/laragon/www/2311102179_Praktikum_ABP_02/wowo-inventory/vendor/laravel/framework/src/Illuminate/Foundation/PackageManifest.php(91): Illuminate/Foundation/PackageManifest->getManifest()
#3 C:/laragon/www/2311102179_Praktikum_ABP_02/wowo-inventory/vendor/laravel/framework/src/Illuminate/Foundation/PackageManifest.php(80): Illuminate/Foundation/PackageManifest->config('aliases')
#4 C:/laragon/www/2311102179_Praktikum_ABP_02/wowo-inventory/vendor/laravel/framework/src/Illuminate/Foundation/Bootstrap/RegisterFacades.php(26): Illuminate/Foundation/PackageManifest->aliases()
#5 C:/laragon/www/2311102179_Praktikum_ABP_02/wowo-inventory/vendor/laravel/framework/src/Illuminate/Foundation/Application.php(342): Illuminate/Foundation/Bootstrap/RegisterFacades->bootstrap(Object(Illuminate/Foundation/Application))
#6 C:/laragon/www/2311102179_Praktikum_ABP_02/wowo-inventory/vendor/laravel/framework/src/Illuminate/Foundation/Console/Kernel.php(474): Illuminate/Foundation/Application->bootstrapWith(Array)
#7 C:/laragon/www/2311102179_Praktikum_ABP_02/wowo-inventory/vendor/laravel/framework/src/Illuminate/Foundation/Console/Kernel.php(196): Illuminate/Foundation/Console/Kernel->bootstrap()
#8 C:/laragon/www/2311102179_Praktikum_ABP_02/wowo-inventory/vendor/laravel/framework/src/Illuminate/Foundation/Application.php(1235): Illuminate/Foundation/Console/Kernel->handle(Object(Symfony/Component/Console/Input/ArgvInput), Object(Symfony/Component/Console/Output/ConsoleOutput))
#9 C:/laragon/www/2311102179_Praktikum_ABP_02/wowo-inventory/artisan(13): Illuminate/Foundation/Application->handleCommand(Object(Symfony/Component/Console/Input/ArgvInput))
#10 {main}
"} 
[2026-04-24 15:54:05] local.ERROR: The C:\laragon\www\2311102179_Praktikum_ABP_02\wowo-inventory\bootstrap\cache directory must be present and writable. {"exception":"[object] (Exception(code: 0): The C:\\laragon\\www\\2311102179_Praktikum_ABP_02\\wowo-inventory\\bootstrap\\cache directory must be present and writable. at C:/laragon/www/2311102179_Praktikum_ABP_02/wowo-inventory/vendor/laravel/framework/src/Illuminate/Foundation/PackageManifest.php:179)
[stacktrace]
#0 C:/laragon/www/2311102179_Praktikum_ABP_02/wowo-inventory/vendor/laravel/framework/src/Illuminate/Foundation/PackageManifest.php(132): Illuminate/Foundation/PackageManifest->write(Array)
#1 C:/laragon/www/2311102179_Praktikum_ABP_02/wowo-inventory/vendor/laravel/framework/src/Illuminate/Foundation/PackageManifest.php(108): Illuminate/Foundation/PackageManifest->build()
#2 C:/laragon/www/2311102179_Praktikum_ABP_02/wowo-inventory/vendor/laravel/framework/src/Illuminate/Foundation/PackageManifest.php(91): Illuminate/Foundation/PackageManifest->getManifest()
#3 C:/laragon/www/2311102179_Praktikum_ABP_02/wowo-inventory/vendor/laravel/framework/src/Illuminate/Foundation/PackageManifest.php(80): Illuminate/Foundation/PackageManifest->config('aliases')
#4 C:/laragon/www/2311102179_Praktikum_ABP_02/wowo-inventory/vendor/laravel/framework/src/Illuminate/Foundation/Bootstrap/RegisterFacades.php(26): Illuminate/Foundation/PackageManifest->aliases()
#5 C:/laragon/www/2311102179_Praktikum_ABP_02/wowo-inventory/vendor/laravel/framework/src/Illuminate/Foundation/Application.php(342): Illuminate/Foundation/Bootstrap/RegisterFacades->bootstrap(Object(Illuminate/Foundation/Application))
#6 C:/laragon/www/2311102179_Praktikum_ABP_02/wowo-inventory/vendor/laravel/framework/src/Illuminate/Foundation/Console/Kernel.php(474): Illuminate/Foundation/Application->bootstrapWith(Array)
#7 C:/laragon/www/2311102179_Praktikum_ABP_02/wowo-inventory/vendor/laravel/framework/src/Illuminate/Foundation/Console/Kernel.php(196): Illuminate/Foundation/Console/Kernel->bootstrap()
#8 C:/laragon/www/2311102179_Praktikum_ABP_02/wowo-inventory/vendor/laravel/framework/src/Illuminate/Foundation/Application.php(1235): Illuminate/Foundation/Console/Kernel->handle(Object(Symfony/Component/Console/Input/ArgvInput), Object(Symfony/Component/Console/Output/ConsoleOutput))
#9 C:/laragon/www/2311102179_Praktikum_ABP_02/wowo-inventory/artisan(13): Illuminate/Foundation/Application->handleCommand(Object(Symfony/Component/Console/Input/ArgvInput))
#10 {main}
"} 
[2026-04-24 15:55:47] local.ERROR: Class "App\Http\Controllers\Controller" not found {"exception":"[object] (Error(code: 0): Class \"App\\Http\\Controllers\\Controller\" not found at C:/laragon/www/2311102179_Praktikum_ABP_02/wowo-inventory/app/Http/Controllers/Auth/EmailVerificationPromptController.php:10)
[stacktrace]
#0 C:/laragon/www/2311102179_Praktikum_ABP_02/wowo-inventory/vendor/composer/ClassLoader.php(576): include()
#1 C:/laragon/www/2311102179_Praktikum_ABP_02/wowo-inventory/vendor/composer/ClassLoader.php(427): Composer/Autoload/{closure}('C://laragon//www//...')
#2 [internal function]: Composer/Autoload/ClassLoader->loadClass('App//Http//Contro...')
#3 C:/laragon/www/2311102179_Praktikum_ABP_02/wowo-inventory/vendor/laravel/framework/src/Illuminate/Routing/RouteAction.php(91): method_exists('App//Http//Contro...', '__invoke')
#4 C:/laragon/www/2311102179_Praktikum_ABP_02/wowo-inventory/vendor/laravel/framework/src/Illuminate/Routing/RouteAction.php(47): Illuminate/Routing/RouteAction::makeInvokable('App//Http//Contro...')
#5 C:/laragon/www/2311102179_Praktikum_ABP_02/wowo-inventory/vendor/laravel/framework/src/Illuminate/Routing/Route.php(198): Illuminate/Routing/RouteAction::parse('verify-email', Array)
#6 C:/laragon/www/2311102179_Praktikum_ABP_02/wowo-inventory/vendor/laravel/framework/src/Illuminate/Routing/Route.php(179): Illuminate/Routing/Route->parseAction(Array)
#7 C:/laragon/www/2311102179_Praktikum_ABP_02/wowo-inventory/vendor/laravel/framework/src/Illuminate/Routing/Router.php(671): Illuminate/Routing/Route->__construct(Array, 'verify-email', Array)
#8 C:/laragon/www/2311102179_Praktikum_ABP_02/wowo-inventory/vendor/laravel/framework/src/Illuminate/Routing/Router.php(563): Illuminate/Routing/Router->newRoute(Array, 'verify-email', Array)
#9 C:/laragon/www/2311102179_Praktikum_ABP_02/wowo-inventory/vendor/laravel/framework/src/Illuminate/Routing/Router.php(543): Illuminate/Routing/Router->createRoute(Array, 'verify-email', Array)
#10 C:/laragon/www/2311102179_Praktikum_ABP_02/wowo-inventory/vendor/laravel/framework/src/Illuminate/Routing/Router.php(161): Illuminate/Routing/Router->addRoute(Array, 'verify-email', 'App//Http//Contro...')
#11 C:/laragon/www/2311102179_Praktikum_ABP_02/wowo-inventory/vendor/laravel/framework/src/Illuminate/Support/Facades/Facade.php(361): Illuminate/Routing/Router->get('verify-email', 'App//Http//Contro...')
#12 C:/laragon/www/2311102179_Praktikum_ABP_02/wowo-inventory/routes/auth.php(34): Illuminate/Support/Facades/Facade::__callStatic('get', Array)
#13 C:/laragon/www/2311102179_Praktikum_ABP_02/wowo-inventory/vendor/laravel/framework/src/Illuminate/Routing/Router.php(511): Illuminate/Routing/RouteFileRegistrar->{closure}(Object(Illuminate/Routing/Router))
#14 C:/laragon/www/2311102179_Praktikum_ABP_02/wowo-inventory/vendor/laravel/framework/src/Illuminate/Routing/Router.php(467): Illuminate/Routing/Router->loadRoutes(Object(Closure))
#15 C:/laragon/www/2311102179_Praktikum_ABP_02/wowo-inventory/vendor/laravel/framework/src/Illuminate/Routing/RouteRegistrar.php(207): Illuminate/Routing/Router->group(Array, Object(Closure))
#16 C:/laragon/www/2311102179_Praktikum_ABP_02/wowo-inventory/routes/auth.php(33): Illuminate/Routing/RouteRegistrar->group(Object(Closure))
#17 C:/laragon/www/2311102179_Praktikum_ABP_02/wowo-inventory/routes/web.php(35): require('C://laragon//www//...')
#18 C:/laragon/www/2311102179_Praktikum_ABP_02/wowo-inventory/vendor/laravel/framework/src/Illuminate/Routing/RouteFileRegistrar.php(35): require('C://laragon//www//...')
#19 C:/laragon/www/2311102179_Praktikum_ABP_02/wowo-inventory/vendor/laravel/framework/src/Illuminate/Routing/Router.php(513): Illuminate/Routing/RouteFileRegistrar->register('C://laragon//www//...')
#20 C:/laragon/www/2311102179_Praktikum_ABP_02/wowo-inventory/vendor/laravel/framework/src/Illuminate/Routing/Router.php(467): Illuminate/Routing/Router->loadRoutes('C://laragon//www//...')
#21 C:/laragon/www/2311102179_Praktikum_ABP_02/wowo-inventory/vendor/laravel/framework/src/Illuminate/Routing/RouteRegistrar.php(207): Illuminate/Routing/Router->group(Array, 'C://laragon//www//...')
#22 C:/laragon/www/2311102179_Praktikum_ABP_02/wowo-inventory/vendor/laravel/framework/src/Illuminate/Foundation/Configuration/ApplicationBuilder.php(248): Illuminate/Routing/RouteRegistrar->group('C://laragon//www//...')
#23 C:/laragon/www/2311102179_Praktikum_ABP_02/wowo-inventory/vendor/laravel/framework/src/Illuminate/Container/BoundMethod.php(36): Illuminate/Foundation/Configuration/ApplicationBuilder->Illuminate/Foundation/Configuration/{closure}()
#24 C:/laragon/www/2311102179_Praktikum_ABP_02/wowo-inventory/vendor/laravel/framework/src/Illuminate/Container/Util.php(43): Illuminate/Container/BoundMethod::Illuminate/Container/{closure}()
#25 C:/laragon/www/2311102179_Praktikum_ABP_02/wowo-inventory/vendor/laravel/framework/src/Illuminate/Container/BoundMethod.php(83): Illuminate/Container/Util::unwrapIfClosure(Object(Closure))
#26 C:/laragon/www/2311102179_Praktikum_ABP_02/wowo-inventory/vendor/laravel/framework/src/Illuminate/Container/BoundMethod.php(35): Illuminate/Container/BoundMethod::callBoundMethod(Object(Illuminate/Foundation/Application), Object(Closure), Object(Closure))
#27 C:/laragon/www/2311102179_Praktikum_ABP_02/wowo-inventory/vendor/laravel/framework/src/Illuminate/Container/Container.php(696): Illuminate/Container/BoundMethod::call(Object(Illuminate/Foundation/Application), Object(Closure), Array, NULL)
#28 C:/laragon/www/2311102179_Praktikum_ABP_02/wowo-inventory/vendor/laravel/framework/src/Illuminate/Foundation/Support/Providers/RouteServiceProvider.php(162): Illuminate/Container/Container->call(Object(Closure))
#29 C:/laragon/www/2311102179_Praktikum_ABP_02/wowo-inventory/vendor/laravel/framework/src/Illuminate/Foundation/Support/Providers/RouteServiceProvider.php(59): Illuminate/Foundation/Support/Providers/RouteServiceProvider->loadRoutes()
#30 C:/laragon/www/2311102179_Praktikum_ABP_02/wowo-inventory/vendor/laravel/framework/src/Illuminate/Container/BoundMethod.php(36): Illuminate/Foundation/Support/Providers/RouteServiceProvider->Illuminate/Foundation/Support/Providers/{closure}()
#31 C:/laragon/www/2311102179_Praktikum_ABP_02/wowo-inventory/vendor/laravel/framework/src/Illuminate/Container/Util.php(43): Illuminate/Container/BoundMethod::Illuminate/Container/{closure}()
#32 C:/laragon/www/2311102179_Praktikum_ABP_02/wowo-inventory/vendor/laravel/framework/src/Illuminate/Container/BoundMethod.php(83): Illuminate/Container/Util::unwrapIfClosure(Object(Closure))
#33 C:/laragon/www/2311102179_Praktikum_ABP_02/wowo-inventory/vendor/laravel/framework/src/Illuminate/Container/BoundMethod.php(35): Illuminate/Container/BoundMethod::callBoundMethod(Object(Illuminate/Foundation/Application), Object(Closure), Object(Closure))
#34 C:/laragon/www/2311102179_Praktikum_ABP_02/wowo-inventory/vendor/laravel/framework/src/Illuminate/Container/Container.php(696): Illuminate/Container/BoundMethod::call(Object(Illuminate/Foundation/Application), Object(Closure), Array, NULL)
#35 C:/laragon/www/2311102179_Praktikum_ABP_02/wowo-inventory/vendor/laravel/framework/src/Illuminate/Support/ServiceProvider.php(144): Illuminate/Container/Container->call(Object(Closure))
#36 C:/laragon/www/2311102179_Praktikum_ABP_02/wowo-inventory/vendor/laravel/framework/src/Illuminate/Foundation/Application.php(1154): Illuminate/Support/ServiceProvider->callBootedCallbacks()
#37 C:/laragon/www/2311102179_Praktikum_ABP_02/wowo-inventory/vendor/laravel/framework/src/Illuminate/Foundation/Application.php(1132): Illuminate/Foundation/Application->bootProvider(Object(Illuminate/Foundation/Support/Providers/RouteServiceProvider))
#38 [internal function]: Illuminate/Foundation/Application->Illuminate/Foundation/{closure}(Object(Illuminate/Foundation/Support/Providers/RouteServiceProvider), 'Illuminate//Foun...')
#39 C:/laragon/www/2311102179_Praktikum_ABP_02/wowo-inventory/vendor/laravel/framework/src/Illuminate/Foundation/Application.php(1131): array_walk(Array, Object(Closure))
#40 C:/laragon/www/2311102179_Praktikum_ABP_02/wowo-inventory/vendor/laravel/framework/src/Illuminate/Foundation/Bootstrap/BootProviders.php(17): Illuminate/Foundation/Application->boot()
#41 C:/laragon/www/2311102179_Praktikum_ABP_02/wowo-inventory/vendor/laravel/framework/src/Illuminate/Foundation/Application.php(342): Illuminate/Foundation/Bootstrap/BootProviders->bootstrap(Object(Illuminate/Foundation/Application))
#42 C:/laragon/www/2311102179_Praktikum_ABP_02/wowo-inventory/vendor/laravel/framework/src/Illuminate/Foundation/Console/Kernel.php(474): Illuminate/Foundation/Application->bootstrapWith(Array)
#43 C:/laragon/www/2311102179_Praktikum_ABP_02/wowo-inventory/vendor/laravel/framework/src/Illuminate/Foundation/Console/Kernel.php(196): Illuminate/Foundation/Console/Kernel->bootstrap()
#44 C:/laragon/www/2311102179_Praktikum_ABP_02/wowo-inventory/vendor/laravel/framework/src/Illuminate/Foundation/Application.php(1235): Illuminate/Foundation/Console/Kernel->handle(Object(Symfony/Component/Console/Input/ArgvInput), Object(Symfony/Component/Console/Output/ConsoleOutput))
#45 C:/laragon/www/2311102179_Praktikum_ABP_02/wowo-inventory/artisan(13): Illuminate/Foundation/Application->handleCommand(Object(Symfony/Component/Console/Input/ArgvInput))
#46 {main}
"} 
[2026-04-24 15:56:07] local.ERROR: Class "App\Http\Controllers\Controller" not found {"exception":"[object] (Error(code: 0): Class \"App\\Http\\Controllers\\Controller\" not found at C:/laragon/www/2311102179_Praktikum_ABP_02/wowo-inventory/app/Http/Controllers/Auth/EmailVerificationPromptController.php:10)
[stacktrace]
#0 C:/laragon/www/2311102179_Praktikum_ABP_02/wowo-inventory/vendor/composer/ClassLoader.php(576): include()
#1 C:/laragon/www/2311102179_Praktikum_ABP_02/wowo-inventory/vendor/composer/ClassLoader.php(427): Composer/Autoload/{closure}('C://laragon//www//...')
#2 [internal function]: Composer/Autoload/ClassLoader->loadClass('App//Http//Contro...')
#3 C:/laragon/www/2311102179_Praktikum_ABP_02/wowo-inventory/vendor/laravel/framework/src/Illuminate/Routing/RouteAction.php(91): method_exists('App//Http//Contro...', '__invoke')
#4 C:/laragon/www/2311102179_Praktikum_ABP_02/wowo-inventory/vendor/laravel/framework/src/Illuminate/Routing/RouteAction.php(47): Illuminate/Routing/RouteAction::makeInvokable('App//Http//Contro...')
#5 C:/laragon/www/2311102179_Praktikum_ABP_02/wowo-inventory/vendor/laravel/framework/src/Illuminate/Routing/Route.php(198): Illuminate/Routing/RouteAction::parse('verify-email', Array)
#6 C:/laragon/www/2311102179_Praktikum_ABP_02/wowo-inventory/vendor/laravel/framework/src/Illuminate/Routing/Route.php(179): Illuminate/Routing/Route->parseAction(Array)
#7 C:/laragon/www/2311102179_Praktikum_ABP_02/wowo-inventory/vendor/laravel/framework/src/Illuminate/Routing/Router.php(671): Illuminate/Routing/Route->__construct(Array, 'verify-email', Array)
#8 C:/laragon/www/2311102179_Praktikum_ABP_02/wowo-inventory/vendor/laravel/framework/src/Illuminate/Routing/Router.php(563): Illuminate/Routing/Router->newRoute(Array, 'verify-email', Array)
#9 C:/laragon/www/2311102179_Praktikum_ABP_02/wowo-inventory/vendor/laravel/framework/src/Illuminate/Routing/Router.php(543): Illuminate/Routing/Router->createRoute(Array, 'verify-email', Array)
#10 C:/laragon/www/2311102179_Praktikum_ABP_02/wowo-inventory/vendor/laravel/framework/src/Illuminate/Routing/Router.php(161): Illuminate/Routing/Router->addRoute(Array, 'verify-email', 'App//Http//Contro...')
#11 C:/laragon/www/2311102179_Praktikum_ABP_02/wowo-inventory/vendor/laravel/framework/src/Illuminate/Support/Facades/Facade.php(361): Illuminate/Routing/Router->get('verify-email', 'App//Http//Contro...')
#12 C:/laragon/www/2311102179_Praktikum_ABP_02/wowo-inventory/routes/auth.php(34): Illuminate/Support/Facades/Facade::__callStatic('get', Array)
#13 C:/laragon/www/2311102179_Praktikum_ABP_02/wowo-inventory/vendor/laravel/framework/src/Illuminate/Routing/Router.php(511): Illuminate/Routing/RouteFileRegistrar->{closure}(Object(Illuminate/Routing/Router))
#14 C:/laragon/www/2311102179_Praktikum_ABP_02/wowo-inventory/vendor/laravel/framework/src/Illuminate/Routing/Router.php(467): Illuminate/Routing/Router->loadRoutes(Object(Closure))
#15 C:/laragon/www/2311102179_Praktikum_ABP_02/wowo-inventory/vendor/laravel/framework/src/Illuminate/Routing/RouteRegistrar.php(207): Illuminate/Routing/Router->group(Array, Object(Closure))
#16 C:/laragon/www/2311102179_Praktikum_ABP_02/wowo-inventory/routes/auth.php(33): Illuminate/Routing/RouteRegistrar->group(Object(Closure))
#17 C:/laragon/www/2311102179_Praktikum_ABP_02/wowo-inventory/routes/web.php(35): require('C://laragon//www//...')
#18 C:/laragon/www/2311102179_Praktikum_ABP_02/wowo-inventory/vendor/laravel/framework/src/Illuminate/Routing/RouteFileRegistrar.php(35): require('C://laragon//www//...')
#19 C:/laragon/www/2311102179_Praktikum_ABP_02/wowo-inventory/vendor/laravel/framework/src/Illuminate/Routing/Router.php(513): Illuminate/Routing/RouteFileRegistrar->register('C://laragon//www//...')
#20 C:/laragon/www/2311102179_Praktikum_ABP_02/wowo-inventory/vendor/laravel/framework/src/Illuminate/Routing/Router.php(467): Illuminate/Routing/Router->loadRoutes('C://laragon//www//...')
#21 C:/laragon/www/2311102179_Praktikum_ABP_02/wowo-inventory/vendor/laravel/framework/src/Illuminate/Routing/RouteRegistrar.php(207): Illuminate/Routing/Router->group(Array, 'C://laragon//www//...')
#22 C:/laragon/www/2311102179_Praktikum_ABP_02/wowo-inventory/vendor/laravel/framework/src/Illuminate/Foundation/Configuration/ApplicationBuilder.php(248): Illuminate/Routing/RouteRegistrar->group('C://laragon//www//...')
#23 C:/laragon/www/2311102179_Praktikum_ABP_02/wowo-inventory/vendor/laravel/framework/src/Illuminate/Container/BoundMethod.php(36): Illuminate/Foundation/Configuration/ApplicationBuilder->Illuminate/Foundation/Configuration/{closure}()
#24 C:/laragon/www/2311102179_Praktikum_ABP_02/wowo-inventory/vendor/laravel/framework/src/Illuminate/Container/Util.php(43): Illuminate/Container/BoundMethod::Illuminate/Container/{closure}()
#25 C:/laragon/www/2311102179_Praktikum_ABP_02/wowo-inventory/vendor/laravel/framework/src/Illuminate/Container/BoundMethod.php(83): Illuminate/Container/Util::unwrapIfClosure(Object(Closure))
#26 C:/laragon/www/2311102179_Praktikum_ABP_02/wowo-inventory/vendor/laravel/framework/src/Illuminate/Container/BoundMethod.php(35): Illuminate/Container/BoundMethod::callBoundMethod(Object(Illuminate/Foundation/Application), Object(Closure), Object(Closure))
#27 C:/laragon/www/2311102179_Praktikum_ABP_02/wowo-inventory/vendor/laravel/framework/src/Illuminate/Container/Container.php(696): Illuminate/Container/BoundMethod::call(Object(Illuminate/Foundation/Application), Object(Closure), Array, NULL)
#28 C:/laragon/www/2311102179_Praktikum_ABP_02/wowo-inventory/vendor/laravel/framework/src/Illuminate/Foundation/Support/Providers/RouteServiceProvider.php(162): Illuminate/Container/Container->call(Object(Closure))
#29 C:/laragon/www/2311102179_Praktikum_ABP_02/wowo-inventory/vendor/laravel/framework/src/Illuminate/Foundation/Support/Providers/RouteServiceProvider.php(59): Illuminate/Foundation/Support/Providers/RouteServiceProvider->loadRoutes()
#30 C:/laragon/www/2311102179_Praktikum_ABP_02/wowo-inventory/vendor/laravel/framework/src/Illuminate/Container/BoundMethod.php(36): Illuminate/Foundation/Support/Providers/RouteServiceProvider->Illuminate/Foundation/Support/Providers/{closure}()
#31 C:/laragon/www/2311102179_Praktikum_ABP_02/wowo-inventory/vendor/laravel/framework/src/Illuminate/Container/Util.php(43): Illuminate/Container/BoundMethod::Illuminate/Container/{closure}()
#32 C:/laragon/www/2311102179_Praktikum_ABP_02/wowo-inventory/vendor/laravel/framework/src/Illuminate/Container/BoundMethod.php(83): Illuminate/Container/Util::unwrapIfClosure(Object(Closure))
#33 C:/laragon/www/2311102179_Praktikum_ABP_02/wowo-inventory/vendor/laravel/framework/src/Illuminate/Container/BoundMethod.php(35): Illuminate/Container/BoundMethod::callBoundMethod(Object(Illuminate/Foundation/Application), Object(Closure), Object(Closure))
#34 C:/laragon/www/2311102179_Praktikum_ABP_02/wowo-inventory/vendor/laravel/framework/src/Illuminate/Container/Container.php(696): Illuminate/Container/BoundMethod::call(Object(Illuminate/Foundation/Application), Object(Closure), Array, NULL)
#35 C:/laragon/www/2311102179_Praktikum_ABP_02/wowo-inventory/vendor/laravel/framework/src/Illuminate/Support/ServiceProvider.php(144): Illuminate/Container/Container->call(Object(Closure))
#36 C:/laragon/www/2311102179_Praktikum_ABP_02/wowo-inventory/vendor/laravel/framework/src/Illuminate/Foundation/Application.php(1154): Illuminate/Support/ServiceProvider->callBootedCallbacks()
#37 C:/laragon/www/2311102179_Praktikum_ABP_02/wowo-inventory/vendor/laravel/framework/src/Illuminate/Foundation/Application.php(1132): Illuminate/Foundation/Application->bootProvider(Object(Illuminate/Foundation/Support/Providers/RouteServiceProvider))
#38 [internal function]: Illuminate/Foundation/Application->Illuminate/Foundation/{closure}(Object(Illuminate/Foundation/Support/Providers/RouteServiceProvider), 'Illuminate//Foun...')
#39 C:/laragon/www/2311102179_Praktikum_ABP_02/wowo-inventory/vendor/laravel/framework/src/Illuminate/Foundation/Application.php(1131): array_walk(Array, Object(Closure))
#40 C:/laragon/www/2311102179_Praktikum_ABP_02/wowo-inventory/vendor/laravel/framework/src/Illuminate/Foundation/Bootstrap/BootProviders.php(17): Illuminate/Foundation/Application->boot()
#41 C:/laragon/www/2311102179_Praktikum_ABP_02/wowo-inventory/vendor/laravel/framework/src/Illuminate/Foundation/Application.php(342): Illuminate/Foundation/Bootstrap/BootProviders->bootstrap(Object(Illuminate/Foundation/Application))
#42 C:/laragon/www/2311102179_Praktikum_ABP_02/wowo-inventory/vendor/laravel/framework/src/Illuminate/Foundation/Console/Kernel.php(474): Illuminate/Foundation/Application->bootstrapWith(Array)
#43 C:/laragon/www/2311102179_Praktikum_ABP_02/wowo-inventory/vendor/laravel/framework/src/Illuminate/Foundation/Console/Kernel.php(196): Illuminate/Foundation/Console/Kernel->bootstrap()
#44 C:/laragon/www/2311102179_Praktikum_ABP_02/wowo-inventory/vendor/laravel/framework/src/Illuminate/Foundation/Application.php(1235): Illuminate/Foundation/Console/Kernel->handle(Object(Symfony/Component/Console/Input/ArgvInput), Object(Symfony/Component/Console/Output/ConsoleOutput))
#45 C:/laragon/www/2311102179_Praktikum_ABP_02/wowo-inventory/artisan(13): Illuminate/Foundation/Application->handleCommand(Object(Symfony/Component/Console/Input/ArgvInput))
#46 {main}
"} 
[2026-04-24 16:02:31] local.ERROR: Class "App\Http\Controllers\Controller" not found {"exception":"[object] (Error(code: 0): Class \"App\\Http\\Controllers\\Controller\" not found at C:/laragon/www/2311102179_Praktikum_ABP_02/wowo-inventory/app/Http/Controllers/Auth/EmailVerificationPromptController.php:10)
[stacktrace]
#0 C:/laragon/www/2311102179_Praktikum_ABP_02/wowo-inventory/vendor/composer/ClassLoader.php(576): include()
#1 C:/laragon/www/2311102179_Praktikum_ABP_02/wowo-inventory/vendor/composer/ClassLoader.php(427): Composer/Autoload/{closure}('C://laragon//www//...')
#2 [internal function]: Composer/Autoload/ClassLoader->loadClass('App//Http//Contro...')
#3 C:/laragon/www/2311102179_Praktikum_ABP_02/wowo-inventory/vendor/laravel/framework/src/Illuminate/Routing/RouteAction.php(91): method_exists('App//Http//Contro...', '__invoke')
#4 C:/laragon/www/2311102179_Praktikum_ABP_02/wowo-inventory/vendor/laravel/framework/src/Illuminate/Routing/RouteAction.php(47): Illuminate/Routing/RouteAction::makeInvokable('App//Http//Contro...')
#5 C:/laragon/www/2311102179_Praktikum_ABP_02/wowo-inventory/vendor/laravel/framework/src/Illuminate/Routing/Route.php(198): Illuminate/Routing/RouteAction::parse('verify-email', Array)
#6 C:/laragon/www/2311102179_Praktikum_ABP_02/wowo-inventory/vendor/laravel/framework/src/Illuminate/Routing/Route.php(179): Illuminate/Routing/Route->parseAction(Array)
#7 C:/laragon/www/2311102179_Praktikum_ABP_02/wowo-inventory/vendor/laravel/framework/src/Illuminate/Routing/Router.php(671): Illuminate/Routing/Route->__construct(Array, 'verify-email', Array)
#8 C:/laragon/www/2311102179_Praktikum_ABP_02/wowo-inventory/vendor/laravel/framework/src/Illuminate/Routing/Router.php(563): Illuminate/Routing/Router->newRoute(Array, 'verify-email', Array)
#9 C:/laragon/www/2311102179_Praktikum_ABP_02/wowo-inventory/vendor/laravel/framework/src/Illuminate/Routing/Router.php(543): Illuminate/Routing/Router->createRoute(Array, 'verify-email', Array)
#10 C:/laragon/www/2311102179_Praktikum_ABP_02/wowo-inventory/vendor/laravel/framework/src/Illuminate/Routing/Router.php(161): Illuminate/Routing/Router->addRoute(Array, 'verify-email', 'App//Http//Contro...')
#11 C:/laragon/www/2311102179_Praktikum_ABP_02/wowo-inventory/vendor/laravel/framework/src/Illuminate/Support/Facades/Facade.php(361): Illuminate/Routing/Router->get('verify-email', 'App//Http//Contro...')
#12 C:/laragon/www/2311102179_Praktikum_ABP_02/wowo-inventory/routes/auth.php(34): Illuminate/Support/Facades/Facade::__callStatic('get', Array)
#13 C:/laragon/www/2311102179_Praktikum_ABP_02/wowo-inventory/vendor/laravel/framework/src/Illuminate/Routing/Router.php(511): Illuminate/Routing/RouteFileRegistrar->{closure}(Object(Illuminate/Routing/Router))
#14 C:/laragon/www/2311102179_Praktikum_ABP_02/wowo-inventory/vendor/laravel/framework/src/Illuminate/Routing/Router.php(467): Illuminate/Routing/Router->loadRoutes(Object(Closure))
#15 C:/laragon/www/2311102179_Praktikum_ABP_02/wowo-inventory/vendor/laravel/framework/src/Illuminate/Routing/RouteRegistrar.php(207): Illuminate/Routing/Router->group(Array, Object(Closure))
#16 C:/laragon/www/2311102179_Praktikum_ABP_02/wowo-inventory/routes/auth.php(33): Illuminate/Routing/RouteRegistrar->group(Object(Closure))
#17 C:/laragon/www/2311102179_Praktikum_ABP_02/wowo-inventory/routes/web.php(35): require('C://laragon//www//...')
#18 C:/laragon/www/2311102179_Praktikum_ABP_02/wowo-inventory/vendor/laravel/framework/src/Illuminate/Routing/RouteFileRegistrar.php(35): require('C://laragon//www//...')
#19 C:/laragon/www/2311102179_Praktikum_ABP_02/wowo-inventory/vendor/laravel/framework/src/Illuminate/Routing/Router.php(513): Illuminate/Routing/RouteFileRegistrar->register('C://laragon//www//...')
#20 C:/laragon/www/2311102179_Praktikum_ABP_02/wowo-inventory/vendor/laravel/framework/src/Illuminate/Routing/Router.php(467): Illuminate/Routing/Router->loadRoutes('C://laragon//www//...')
#21 C:/laragon/www/2311102179_Praktikum_ABP_02/wowo-inventory/vendor/laravel/framework/src/Illuminate/Routing/RouteRegistrar.php(207): Illuminate/Routing/Router->group(Array, 'C://laragon//www//...')
#22 C:/laragon/www/2311102179_Praktikum_ABP_02/wowo-inventory/vendor/laravel/framework/src/Illuminate/Foundation/Configuration/ApplicationBuilder.php(248): Illuminate/Routing/RouteRegistrar->group('C://laragon//www//...')
#23 C:/laragon/www/2311102179_Praktikum_ABP_02/wowo-inventory/vendor/laravel/framework/src/Illuminate/Container/BoundMethod.php(36): Illuminate/Foundation/Configuration/ApplicationBuilder->Illuminate/Foundation/Configuration/{closure}()
#24 C:/laragon/www/2311102179_Praktikum_ABP_02/wowo-inventory/vendor/laravel/framework/src/Illuminate/Container/Util.php(43): Illuminate/Container/BoundMethod::Illuminate/Container/{closure}()
#25 C:/laragon/www/2311102179_Praktikum_ABP_02/wowo-inventory/vendor/laravel/framework/src/Illuminate/Container/BoundMethod.php(83): Illuminate/Container/Util::unwrapIfClosure(Object(Closure))
#26 C:/laragon/www/2311102179_Praktikum_ABP_02/wowo-inventory/vendor/laravel/framework/src/Illuminate/Container/BoundMethod.php(35): Illuminate/Container/BoundMethod::callBoundMethod(Object(Illuminate/Foundation/Application), Object(Closure), Object(Closure))
#27 C:/laragon/www/2311102179_Praktikum_ABP_02/wowo-inventory/vendor/laravel/framework/src/Illuminate/Container/Container.php(696): Illuminate/Container/BoundMethod::call(Object(Illuminate/Foundation/Application), Object(Closure), Array, NULL)
#28 C:/laragon/www/2311102179_Praktikum_ABP_02/wowo-inventory/vendor/laravel/framework/src/Illuminate/Foundation/Support/Providers/RouteServiceProvider.php(162): Illuminate/Container/Container->call(Object(Closure))
#29 C:/laragon/www/2311102179_Praktikum_ABP_02/wowo-inventory/vendor/laravel/framework/src/Illuminate/Foundation/Support/Providers/RouteServiceProvider.php(59): Illuminate/Foundation/Support/Providers/RouteServiceProvider->loadRoutes()
#30 C:/laragon/www/2311102179_Praktikum_ABP_02/wowo-inventory/vendor/laravel/framework/src/Illuminate/Container/BoundMethod.php(36): Illuminate/Foundation/Support/Providers/RouteServiceProvider->Illuminate/Foundation/Support/Providers/{closure}()
#31 C:/laragon/www/2311102179_Praktikum_ABP_02/wowo-inventory/vendor/laravel/framework/src/Illuminate/Container/Util.php(43): Illuminate/Container/BoundMethod::Illuminate/Container/{closure}()
#32 C:/laragon/www/2311102179_Praktikum_ABP_02/wowo-inventory/vendor/laravel/framework/src/Illuminate/Container/BoundMethod.php(83): Illuminate/Container/Util::unwrapIfClosure(Object(Closure))
#33 C:/laragon/www/2311102179_Praktikum_ABP_02/wowo-inventory/vendor/laravel/framework/src/Illuminate/Container/BoundMethod.php(35): Illuminate/Container/BoundMethod::callBoundMethod(Object(Illuminate/Foundation/Application), Object(Closure), Object(Closure))
#34 C:/laragon/www/2311102179_Praktikum_ABP_02/wowo-inventory/vendor/laravel/framework/src/Illuminate/Container/Container.php(696): Illuminate/Container/BoundMethod::call(Object(Illuminate/Foundation/Application), Object(Closure), Array, NULL)
#35 C:/laragon/www/2311102179_Praktikum_ABP_02/wowo-inventory/vendor/laravel/framework/src/Illuminate/Support/ServiceProvider.php(144): Illuminate/Container/Container->call(Object(Closure))
#36 C:/laragon/www/2311102179_Praktikum_ABP_02/wowo-inventory/vendor/laravel/framework/src/Illuminate/Foundation/Application.php(1154): Illuminate/Support/ServiceProvider->callBootedCallbacks()
#37 C:/laragon/www/2311102179_Praktikum_ABP_02/wowo-inventory/vendor/laravel/framework/src/Illuminate/Foundation/Application.php(1132): Illuminate/Foundation/Application->bootProvider(Object(Illuminate/Foundation/Support/Providers/RouteServiceProvider))
#38 [internal function]: Illuminate/Foundation/Application->Illuminate/Foundation/{closure}(Object(Illuminate/Foundation/Support/Providers/RouteServiceProvider), 'Illuminate//Foun...')
#39 C:/laragon/www/2311102179_Praktikum_ABP_02/wowo-inventory/vendor/laravel/framework/src/Illuminate/Foundation/Application.php(1131): array_walk(Array, Object(Closure))
#40 C:/laragon/www/2311102179_Praktikum_ABP_02/wowo-inventory/vendor/laravel/framework/src/Illuminate/Foundation/Bootstrap/BootProviders.php(17): Illuminate/Foundation/Application->boot()
#41 C:/laragon/www/2311102179_Praktikum_ABP_02/wowo-inventory/vendor/laravel/framework/src/Illuminate/Foundation/Application.php(342): Illuminate/Foundation/Bootstrap/BootProviders->bootstrap(Object(Illuminate/Foundation/Application))
#42 C:/laragon/www/2311102179_Praktikum_ABP_02/wowo-inventory/vendor/laravel/framework/src/Illuminate/Foundation/Console/Kernel.php(474): Illuminate/Foundation/Application->bootstrapWith(Array)
#43 C:/laragon/www/2311102179_Praktikum_ABP_02/wowo-inventory/vendor/laravel/framework/src/Illuminate/Foundation/Console/Kernel.php(196): Illuminate/Foundation/Console/Kernel->bootstrap()
#44 C:/laragon/www/2311102179_Praktikum_ABP_02/wowo-inventory/vendor/laravel/framework/src/Illuminate/Foundation/Application.php(1235): Illuminate/Foundation/Console/Kernel->handle(Object(Symfony/Component/Console/Input/ArgvInput), Object(Symfony/Component/Console/Output/ConsoleOutput))
#45 C:/laragon/www/2311102179_Praktikum_ABP_02/wowo-inventory/artisan(13): Illuminate/Foundation/Application->handleCommand(Object(Symfony/Component/Console/Input/ArgvInput))
#46 {main}
"} 
[2026-04-24 16:04:39] local.ERROR: Class "App\Http\Controllers\Controller" not found {"exception":"[object] (Error(code: 0): Class \"App\\Http\\Controllers\\Controller\" not found at C:/laragon/www/2311102179_Praktikum_ABP_02/wowo-inventory/app/Http/Controllers/Auth/EmailVerificationPromptController.php:10)
[stacktrace]
#0 C:/laragon/www/2311102179_Praktikum_ABP_02/wowo-inventory/vendor/composer/ClassLoader.php(576): include()
#1 C:/laragon/www/2311102179_Praktikum_ABP_02/wowo-inventory/vendor/composer/ClassLoader.php(427): Composer/Autoload/{closure}('C://laragon//www//...')
#2 [internal function]: Composer/Autoload/ClassLoader->loadClass('App//Http//Contro...')
#3 C:/laragon/www/2311102179_Praktikum_ABP_02/wowo-inventory/vendor/laravel/framework/src/Illuminate/Routing/RouteAction.php(91): method_exists('App//Http//Contro...', '__invoke')
#4 C:/laragon/www/2311102179_Praktikum_ABP_02/wowo-inventory/vendor/laravel/framework/src/Illuminate/Routing/RouteAction.php(47): Illuminate/Routing/RouteAction::makeInvokable('App//Http//Contro...')
#5 C:/laragon/www/2311102179_Praktikum_ABP_02/wowo-inventory/vendor/laravel/framework/src/Illuminate/Routing/Route.php(198): Illuminate/Routing/RouteAction::parse('verify-email', Array)
#6 C:/laragon/www/2311102179_Praktikum_ABP_02/wowo-inventory/vendor/laravel/framework/src/Illuminate/Routing/Route.php(179): Illuminate/Routing/Route->parseAction(Array)
#7 C:/laragon/www/2311102179_Praktikum_ABP_02/wowo-inventory/vendor/laravel/framework/src/Illuminate/Routing/Router.php(671): Illuminate/Routing/Route->__construct(Array, 'verify-email', Array)
#8 C:/laragon/www/2311102179_Praktikum_ABP_02/wowo-inventory/vendor/laravel/framework/src/Illuminate/Routing/Router.php(563): Illuminate/Routing/Router->newRoute(Array, 'verify-email', Array)
#9 C:/laragon/www/2311102179_Praktikum_ABP_02/wowo-inventory/vendor/laravel/framework/src/Illuminate/Routing/Router.php(543): Illuminate/Routing/Router->createRoute(Array, 'verify-email', Array)
#10 C:/laragon/www/2311102179_Praktikum_ABP_02/wowo-inventory/vendor/laravel/framework/src/Illuminate/Routing/Router.php(161): Illuminate/Routing/Router->addRoute(Array, 'verify-email', 'App//Http//Contro...')
#11 C:/laragon/www/2311102179_Praktikum_ABP_02/wowo-inventory/vendor/laravel/framework/src/Illuminate/Support/Facades/Facade.php(361): Illuminate/Routing/Router->get('verify-email', 'App//Http//Contro...')
#12 C:/laragon/www/2311102179_Praktikum_ABP_02/wowo-inventory/routes/auth.php(34): Illuminate/Support/Facades/Facade::__callStatic('get', Array)
#13 C:/laragon/www/2311102179_Praktikum_ABP_02/wowo-inventory/vendor/laravel/framework/src/Illuminate/Routing/Router.php(511): Illuminate/Routing/RouteFileRegistrar->{closure}(Object(Illuminate/Routing/Router))
#14 C:/laragon/www/2311102179_Praktikum_ABP_02/wowo-inventory/vendor/laravel/framework/src/Illuminate/Routing/Router.php(467): Illuminate/Routing/Router->loadRoutes(Object(Closure))
#15 C:/laragon/www/2311102179_Praktikum_ABP_02/wowo-inventory/vendor/laravel/framework/src/Illuminate/Routing/RouteRegistrar.php(207): Illuminate/Routing/Router->group(Array, Object(Closure))
#16 C:/laragon/www/2311102179_Praktikum_ABP_02/wowo-inventory/routes/auth.php(33): Illuminate/Routing/RouteRegistrar->group(Object(Closure))
#17 C:/laragon/www/2311102179_Praktikum_ABP_02/wowo-inventory/routes/web.php(35): require('C://laragon//www//...')
#18 C:/laragon/www/2311102179_Praktikum_ABP_02/wowo-inventory/vendor/laravel/framework/src/Illuminate/Routing/RouteFileRegistrar.php(35): require('C://laragon//www//...')
#19 C:/laragon/www/2311102179_Praktikum_ABP_02/wowo-inventory/vendor/laravel/framework/src/Illuminate/Routing/Router.php(513): Illuminate/Routing/RouteFileRegistrar->register('C://laragon//www//...')
#20 C:/laragon/www/2311102179_Praktikum_ABP_02/wowo-inventory/vendor/laravel/framework/src/Illuminate/Routing/Router.php(467): Illuminate/Routing/Router->loadRoutes('C://laragon//www//...')
#21 C:/laragon/www/2311102179_Praktikum_ABP_02/wowo-inventory/vendor/laravel/framework/src/Illuminate/Routing/RouteRegistrar.php(207): Illuminate/Routing/Router->group(Array, 'C://laragon//www//...')
#22 C:/laragon/www/2311102179_Praktikum_ABP_02/wowo-inventory/vendor/laravel/framework/src/Illuminate/Foundation/Configuration/ApplicationBuilder.php(248): Illuminate/Routing/RouteRegistrar->group('C://laragon//www//...')
#23 C:/laragon/www/2311102179_Praktikum_ABP_02/wowo-inventory/vendor/laravel/framework/src/Illuminate/Container/BoundMethod.php(36): Illuminate/Foundation/Configuration/ApplicationBuilder->Illuminate/Foundation/Configuration/{closure}()
#24 C:/laragon/www/2311102179_Praktikum_ABP_02/wowo-inventory/vendor/laravel/framework/src/Illuminate/Container/Util.php(43): Illuminate/Container/BoundMethod::Illuminate/Container/{closure}()
#25 C:/laragon/www/2311102179_Praktikum_ABP_02/wowo-inventory/vendor/laravel/framework/src/Illuminate/Container/BoundMethod.php(83): Illuminate/Container/Util::unwrapIfClosure(Object(Closure))
#26 C:/laragon/www/2311102179_Praktikum_ABP_02/wowo-inventory/vendor/laravel/framework/src/Illuminate/Container/BoundMethod.php(35): Illuminate/Container/BoundMethod::callBoundMethod(Object(Illuminate/Foundation/Application), Object(Closure), Object(Closure))
#27 C:/laragon/www/2311102179_Praktikum_ABP_02/wowo-inventory/vendor/laravel/framework/src/Illuminate/Container/Container.php(696): Illuminate/Container/BoundMethod::call(Object(Illuminate/Foundation/Application), Object(Closure), Array, NULL)
#28 C:/laragon/www/2311102179_Praktikum_ABP_02/wowo-inventory/vendor/laravel/framework/src/Illuminate/Foundation/Support/Providers/RouteServiceProvider.php(162): Illuminate/Container/Container->call(Object(Closure))
#29 C:/laragon/www/2311102179_Praktikum_ABP_02/wowo-inventory/vendor/laravel/framework/src/Illuminate/Foundation/Support/Providers/RouteServiceProvider.php(59): Illuminate/Foundation/Support/Providers/RouteServiceProvider->loadRoutes()
#30 C:/laragon/www/2311102179_Praktikum_ABP_02/wowo-inventory/vendor/laravel/framework/src/Illuminate/Container/BoundMethod.php(36): Illuminate/Foundation/Support/Providers/RouteServiceProvider->Illuminate/Foundation/Support/Providers/{closure}()
#31 C:/laragon/www/2311102179_Praktikum_ABP_02/wowo-inventory/vendor/laravel/framework/src/Illuminate/Container/Util.php(43): Illuminate/Container/BoundMethod::Illuminate/Container/{closure}()
#32 C:/laragon/www/2311102179_Praktikum_ABP_02/wowo-inventory/vendor/laravel/framework/src/Illuminate/Container/BoundMethod.php(83): Illuminate/Container/Util::unwrapIfClosure(Object(Closure))
#33 C:/laragon/www/2311102179_Praktikum_ABP_02/wowo-inventory/vendor/laravel/framework/src/Illuminate/Container/BoundMethod.php(35): Illuminate/Container/BoundMethod::callBoundMethod(Object(Illuminate/Foundation/Application), Object(Closure), Object(Closure))
#34 C:/laragon/www/2311102179_Praktikum_ABP_02/wowo-inventory/vendor/laravel/framework/src/Illuminate/Container/Container.php(696): Illuminate/Container/BoundMethod::call(Object(Illuminate/Foundation/Application), Object(Closure), Array, NULL)
#35 C:/laragon/www/2311102179_Praktikum_ABP_02/wowo-inventory/vendor/laravel/framework/src/Illuminate/Support/ServiceProvider.php(144): Illuminate/Container/Container->call(Object(Closure))
#36 C:/laragon/www/2311102179_Praktikum_ABP_02/wowo-inventory/vendor/laravel/framework/src/Illuminate/Foundation/Application.php(1154): Illuminate/Support/ServiceProvider->callBootedCallbacks()
#37 C:/laragon/www/2311102179_Praktikum_ABP_02/wowo-inventory/vendor/laravel/framework/src/Illuminate/Foundation/Application.php(1132): Illuminate/Foundation/Application->bootProvider(Object(Illuminate/Foundation/Support/Providers/RouteServiceProvider))
#38 [internal function]: Illuminate/Foundation/Application->Illuminate/Foundation/{closure}(Object(Illuminate/Foundation/Support/Providers/RouteServiceProvider), 'Illuminate//Foun...')
#39 C:/laragon/www/2311102179_Praktikum_ABP_02/wowo-inventory/vendor/laravel/framework/src/Illuminate/Foundation/Application.php(1131): array_walk(Array, Object(Closure))
#40 C:/laragon/www/2311102179_Praktikum_ABP_02/wowo-inventory/vendor/laravel/framework/src/Illuminate/Foundation/Bootstrap/BootProviders.php(17): Illuminate/Foundation/Application->boot()
#41 C:/laragon/www/2311102179_Praktikum_ABP_02/wowo-inventory/vendor/laravel/framework/src/Illuminate/Foundation/Application.php(342): Illuminate/Foundation/Bootstrap/BootProviders->bootstrap(Object(Illuminate/Foundation/Application))
#42 C:/laragon/www/2311102179_Praktikum_ABP_02/wowo-inventory/vendor/laravel/framework/src/Illuminate/Foundation/Console/Kernel.php(474): Illuminate/Foundation/Application->bootstrapWith(Array)
#43 C:/laragon/www/2311102179_Praktikum_ABP_02/wowo-inventory/vendor/laravel/framework/src/Illuminate/Foundation/Console/Kernel.php(196): Illuminate/Foundation/Console/Kernel->bootstrap()
#44 C:/laragon/www/2311102179_Praktikum_ABP_02/wowo-inventory/vendor/laravel/framework/src/Illuminate/Foundation/Application.php(1235): Illuminate/Foundation/Console/Kernel->handle(Object(Symfony/Component/Console/Input/ArgvInput), Object(Symfony/Component/Console/Output/ConsoleOutput))
#45 C:/laragon/www/2311102179_Praktikum_ABP_02/wowo-inventory/artisan(13): Illuminate/Foundation/Application->handleCommand(Object(Symfony/Component/Console/Input/ArgvInput))
#46 {main}
"} 
[2026-04-24 16:05:29] local.ERROR: Class "App\Http\Controllers\Controller" not found {"exception":"[object] (Error(code: 0): Class \"App\\Http\\Controllers\\Controller\" not found at C:/laragon/www/2311102179_Praktikum_ABP_02/wowo-inventory/app/Http/Controllers/Auth/EmailVerificationPromptController.php:10)
[stacktrace]
#0 C:/laragon/www/2311102179_Praktikum_ABP_02/wowo-inventory/vendor/composer/ClassLoader.php(576): include()
#1 C:/laragon/www/2311102179_Praktikum_ABP_02/wowo-inventory/vendor/composer/ClassLoader.php(427): Composer/Autoload/{closure}('C://laragon//www//...')
#2 [internal function]: Composer/Autoload/ClassLoader->loadClass('App//Http//Contro...')
#3 C:/laragon/www/2311102179_Praktikum_ABP_02/wowo-inventory/vendor/laravel/framework/src/Illuminate/Routing/RouteAction.php(91): method_exists('App//Http//Contro...', '__invoke')
#4 C:/laragon/www/2311102179_Praktikum_ABP_02/wowo-inventory/vendor/laravel/framework/src/Illuminate/Routing/RouteAction.php(47): Illuminate/Routing/RouteAction::makeInvokable('App//Http//Contro...')
#5 C:/laragon/www/2311102179_Praktikum_ABP_02/wowo-inventory/vendor/laravel/framework/src/Illuminate/Routing/Route.php(198): Illuminate/Routing/RouteAction::parse('verify-email', Array)
#6 C:/laragon/www/2311102179_Praktikum_ABP_02/wowo-inventory/vendor/laravel/framework/src/Illuminate/Routing/Route.php(179): Illuminate/Routing/Route->parseAction(Array)
#7 C:/laragon/www/2311102179_Praktikum_ABP_02/wowo-inventory/vendor/laravel/framework/src/Illuminate/Routing/Router.php(671): Illuminate/Routing/Route->__construct(Array, 'verify-email', Array)
#8 C:/laragon/www/2311102179_Praktikum_ABP_02/wowo-inventory/vendor/laravel/framework/src/Illuminate/Routing/Router.php(563): Illuminate/Routing/Router->newRoute(Array, 'verify-email', Array)
#9 C:/laragon/www/2311102179_Praktikum_ABP_02/wowo-inventory/vendor/laravel/framework/src/Illuminate/Routing/Router.php(543): Illuminate/Routing/Router->createRoute(Array, 'verify-email', Array)
#10 C:/laragon/www/2311102179_Praktikum_ABP_02/wowo-inventory/vendor/laravel/framework/src/Illuminate/Routing/Router.php(161): Illuminate/Routing/Router->addRoute(Array, 'verify-email', 'App//Http//Contro...')
#11 C:/laragon/www/2311102179_Praktikum_ABP_02/wowo-inventory/vendor/laravel/framework/src/Illuminate/Support/Facades/Facade.php(361): Illuminate/Routing/Router->get('verify-email', 'App//Http//Contro...')
#12 C:/laragon/www/2311102179_Praktikum_ABP_02/wowo-inventory/routes/auth.php(34): Illuminate/Support/Facades/Facade::__callStatic('get', Array)
#13 C:/laragon/www/2311102179_Praktikum_ABP_02/wowo-inventory/vendor/laravel/framework/src/Illuminate/Routing/Router.php(511): Illuminate/Routing/RouteFileRegistrar->{closure}(Object(Illuminate/Routing/Router))
#14 C:/laragon/www/2311102179_Praktikum_ABP_02/wowo-inventory/vendor/laravel/framework/src/Illuminate/Routing/Router.php(467): Illuminate/Routing/Router->loadRoutes(Object(Closure))
#15 C:/laragon/www/2311102179_Praktikum_ABP_02/wowo-inventory/vendor/laravel/framework/src/Illuminate/Routing/RouteRegistrar.php(207): Illuminate/Routing/Router->group(Array, Object(Closure))
#16 C:/laragon/www/2311102179_Praktikum_ABP_02/wowo-inventory/routes/auth.php(33): Illuminate/Routing/RouteRegistrar->group(Object(Closure))
#17 C:/laragon/www/2311102179_Praktikum_ABP_02/wowo-inventory/routes/web.php(35): require('C://laragon//www//...')
#18 C:/laragon/www/2311102179_Praktikum_ABP_02/wowo-inventory/vendor/laravel/framework/src/Illuminate/Routing/RouteFileRegistrar.php(35): require('C://laragon//www//...')
#19 C:/laragon/www/2311102179_Praktikum_ABP_02/wowo-inventory/vendor/laravel/framework/src/Illuminate/Routing/Router.php(513): Illuminate/Routing/RouteFileRegistrar->register('C://laragon//www//...')
#20 C:/laragon/www/2311102179_Praktikum_ABP_02/wowo-inventory/vendor/laravel/framework/src/Illuminate/Routing/Router.php(467): Illuminate/Routing/Router->loadRoutes('C://laragon//www//...')
#21 C:/laragon/www/2311102179_Praktikum_ABP_02/wowo-inventory/vendor/laravel/framework/src/Illuminate/Routing/RouteRegistrar.php(207): Illuminate/Routing/Router->group(Array, 'C://laragon//www//...')
#22 C:/laragon/www/2311102179_Praktikum_ABP_02/wowo-inventory/vendor/laravel/framework/src/Illuminate/Foundation/Configuration/ApplicationBuilder.php(248): Illuminate/Routing/RouteRegistrar->group('C://laragon//www//...')
#23 C:/laragon/www/2311102179_Praktikum_ABP_02/wowo-inventory/vendor/laravel/framework/src/Illuminate/Container/BoundMethod.php(36): Illuminate/Foundation/Configuration/ApplicationBuilder->Illuminate/Foundation/Configuration/{closure}()
#24 C:/laragon/www/2311102179_Praktikum_ABP_02/wowo-inventory/vendor/laravel/framework/src/Illuminate/Container/Util.php(43): Illuminate/Container/BoundMethod::Illuminate/Container/{closure}()
#25 C:/laragon/www/2311102179_Praktikum_ABP_02/wowo-inventory/vendor/laravel/framework/src/Illuminate/Container/BoundMethod.php(83): Illuminate/Container/Util::unwrapIfClosure(Object(Closure))
#26 C:/laragon/www/2311102179_Praktikum_ABP_02/wowo-inventory/vendor/laravel/framework/src/Illuminate/Container/BoundMethod.php(35): Illuminate/Container/BoundMethod::callBoundMethod(Object(Illuminate/Foundation/Application), Object(Closure), Object(Closure))
#27 C:/laragon/www/2311102179_Praktikum_ABP_02/wowo-inventory/vendor/laravel/framework/src/Illuminate/Container/Container.php(696): Illuminate/Container/BoundMethod::call(Object(Illuminate/Foundation/Application), Object(Closure), Array, NULL)
#28 C:/laragon/www/2311102179_Praktikum_ABP_02/wowo-inventory/vendor/laravel/framework/src/Illuminate/Foundation/Support/Providers/RouteServiceProvider.php(162): Illuminate/Container/Container->call(Object(Closure))
#29 C:/laragon/www/2311102179_Praktikum_ABP_02/wowo-inventory/vendor/laravel/framework/src/Illuminate/Foundation/Support/Providers/RouteServiceProvider.php(59): Illuminate/Foundation/Support/Providers/RouteServiceProvider->loadRoutes()
#30 C:/laragon/www/2311102179_Praktikum_ABP_02/wowo-inventory/vendor/laravel/framework/src/Illuminate/Container/BoundMethod.php(36): Illuminate/Foundation/Support/Providers/RouteServiceProvider->Illuminate/Foundation/Support/Providers/{closure}()
#31 C:/laragon/www/2311102179_Praktikum_ABP_02/wowo-inventory/vendor/laravel/framework/src/Illuminate/Container/Util.php(43): Illuminate/Container/BoundMethod::Illuminate/Container/{closure}()
#32 C:/laragon/www/2311102179_Praktikum_ABP_02/wowo-inventory/vendor/laravel/framework/src/Illuminate/Container/BoundMethod.php(83): Illuminate/Container/Util::unwrapIfClosure(Object(Closure))
#33 C:/laragon/www/2311102179_Praktikum_ABP_02/wowo-inventory/vendor/laravel/framework/src/Illuminate/Container/BoundMethod.php(35): Illuminate/Container/BoundMethod::callBoundMethod(Object(Illuminate/Foundation/Application), Object(Closure), Object(Closure))
#34 C:/laragon/www/2311102179_Praktikum_ABP_02/wowo-inventory/vendor/laravel/framework/src/Illuminate/Container/Container.php(696): Illuminate/Container/BoundMethod::call(Object(Illuminate/Foundation/Application), Object(Closure), Array, NULL)
#35 C:/laragon/www/2311102179_Praktikum_ABP_02/wowo-inventory/vendor/laravel/framework/src/Illuminate/Support/ServiceProvider.php(144): Illuminate/Container/Container->call(Object(Closure))
#36 C:/laragon/www/2311102179_Praktikum_ABP_02/wowo-inventory/vendor/laravel/framework/src/Illuminate/Foundation/Application.php(1154): Illuminate/Support/ServiceProvider->callBootedCallbacks()
#37 C:/laragon/www/2311102179_Praktikum_ABP_02/wowo-inventory/vendor/laravel/framework/src/Illuminate/Foundation/Application.php(1132): Illuminate/Foundation/Application->bootProvider(Object(Illuminate/Foundation/Support/Providers/RouteServiceProvider))
#38 [internal function]: Illuminate/Foundation/Application->Illuminate/Foundation/{closure}(Object(Illuminate/Foundation/Support/Providers/RouteServiceProvider), 'Illuminate//Foun...')
#39 C:/laragon/www/2311102179_Praktikum_ABP_02/wowo-inventory/vendor/laravel/framework/src/Illuminate/Foundation/Application.php(1131): array_walk(Array, Object(Closure))
#40 C:/laragon/www/2311102179_Praktikum_ABP_02/wowo-inventory/vendor/laravel/framework/src/Illuminate/Foundation/Bootstrap/BootProviders.php(17): Illuminate/Foundation/Application->boot()
#41 C:/laragon/www/2311102179_Praktikum_ABP_02/wowo-inventory/vendor/laravel/framework/src/Illuminate/Foundation/Application.php(342): Illuminate/Foundation/Bootstrap/BootProviders->bootstrap(Object(Illuminate/Foundation/Application))
#42 C:/laragon/www/2311102179_Praktikum_ABP_02/wowo-inventory/vendor/laravel/framework/src/Illuminate/Foundation/Console/Kernel.php(474): Illuminate/Foundation/Application->bootstrapWith(Array)
#43 C:/laragon/www/2311102179_Praktikum_ABP_02/wowo-inventory/vendor/laravel/framework/src/Illuminate/Foundation/Console/Kernel.php(196): Illuminate/Foundation/Console/Kernel->bootstrap()
#44 C:/laragon/www/2311102179_Praktikum_ABP_02/wowo-inventory/vendor/laravel/framework/src/Illuminate/Foundation/Application.php(1235): Illuminate/Foundation/Console/Kernel->handle(Object(Symfony/Component/Console/Input/ArgvInput), Object(Symfony/Component/Console/Output/ConsoleOutput))
#45 C:/laragon/www/2311102179_Praktikum_ABP_02/wowo-inventory/artisan(13): Illuminate/Foundation/Application->handleCommand(Object(Symfony/Component/Console/Input/ArgvInput))
#46 {main}
"} 
[2026-04-24 16:09:33] local.ERROR: file_put_contents(C:\laragon\www\2311102179_Praktikum_ABP_02\wowo-inventory\storage\framework/sessions/LS7rRMidhqtgmQtvAEY5THFFlu2tYLQBXOMLzOLL): Failed to open stream: No such file or directory {"exception":"[object] (ErrorException(code: 0): file_put_contents(C:\\laragon\\www\\2311102179_Praktikum_ABP_02\\wowo-inventory\\storage\\framework/sessions/LS7rRMidhqtgmQtvAEY5THFFlu2tYLQBXOMLzOLL): Failed to open stream: No such file or directory at C:/laragon/www/2311102179_Praktikum_ABP_02/wowo-inventory/vendor/laravel/framework/src/Illuminate/Filesystem/Filesystem.php:204)
[stacktrace]
#0 C:/laragon/www/2311102179_Praktikum_ABP_02/wowo-inventory/vendor/laravel/framework/src/Illuminate/Foundation/Bootstrap/HandleExceptions.php(258): Illuminate/Foundation/Bootstrap/HandleExceptions->handleError(2, 'file_put_conten...', 'C://laragon//www//...', 204)
#1 [internal function]: Illuminate/Foundation/Bootstrap/HandleExceptions->Illuminate/Foundation/Bootstrap/{closure}(2, 'file_put_conten...', 'C://laragon//www//...', 204)
#2 C:/laragon/www/2311102179_Praktikum_ABP_02/wowo-inventory/vendor/laravel/framework/src/Illuminate/Filesystem/Filesystem.php(204): file_put_contents('C://laragon//www//...', 'a:3:{s:6:\"_toke...', 2)
#3 C:/laragon/www/2311102179_Praktikum_ABP_02/wowo-inventory/vendor/laravel/framework/src/Illuminate/Session/FileSessionHandler.php(90): Illuminate/Filesystem/Filesystem->put('C://laragon//www//...', 'a:3:{s:6:\"_toke...', true)
#4 C:/laragon/www/2311102179_Praktikum_ABP_02/wowo-inventory/vendor/laravel/framework/src/Illuminate/Session/Store.php(176): Illuminate/Session/FileSessionHandler->write('LS7rRMidhqtgmQt...', 'a:3:{s:6:\"_toke...')
#5 C:/laragon/www/2311102179_Praktikum_ABP_02/wowo-inventory/vendor/laravel/framework/src/Illuminate/Session/Middleware/StartSession.php(245): Illuminate/Session/Store->save()
#6 C:/laragon/www/2311102179_Praktikum_ABP_02/wowo-inventory/vendor/laravel/framework/src/Illuminate/Session/Middleware/StartSession.php(130): Illuminate/Session/Middleware/StartSession->saveSession(Object(Illuminate/Http/Request))
#7 C:/laragon/www/2311102179_Praktikum_ABP_02/wowo-inventory/vendor/laravel/framework/src/Illuminate/Session/Middleware/StartSession.php(64): Illuminate/Session/Middleware/StartSession->handleStatefulRequest(Object(Illuminate/Http/Request), Object(Illuminate/Session/Store), Object(Closure))
#8 C:/laragon/www/2311102179_Praktikum_ABP_02/wowo-inventory/vendor/laravel/framework/src/Illuminate/Pipeline/Pipeline.php(209): Illuminate/Session/Middleware/StartSession->handle(Object(Illuminate/Http/Request), Object(Closure))
#9 C:/laragon/www/2311102179_Praktikum_ABP_02/wowo-inventory/vendor/laravel/framework/src/Illuminate/Cookie/Middleware/AddQueuedCookiesToResponse.php(37): Illuminate/Pipeline/Pipeline->Illuminate/Pipeline/{closure}(Object(Illuminate/Http/Request))
#10 C:/laragon/www/2311102179_Praktikum_ABP_02/wowo-inventory/vendor/laravel/framework/src/Illuminate/Pipeline/Pipeline.php(209): Illuminate/Cookie/Middleware/AddQueuedCookiesToResponse->handle(Object(Illuminate/Http/Request), Object(Closure))
#11 C:/laragon/www/2311102179_Praktikum_ABP_02/wowo-inventory/vendor/laravel/framework/src/Illuminate/Cookie/Middleware/EncryptCookies.php(75): Illuminate/Pipeline/Pipeline->Illuminate/Pipeline/{closure}(Object(Illuminate/Http/Request))
#12 C:/laragon/www/2311102179_Praktikum_ABP_02/wowo-inventory/vendor/laravel/framework/src/Illuminate/Pipeline/Pipeline.php(209): Illuminate/Cookie/Middleware/EncryptCookies->handle(Object(Illuminate/Http/Request), Object(Closure))
#13 C:/laragon/www/2311102179_Praktikum_ABP_02/wowo-inventory/vendor/laravel/framework/src/Illuminate/Pipeline/Pipeline.php(127): Illuminate/Pipeline/Pipeline->Illuminate/Pipeline/{closure}(Object(Illuminate/Http/Request))
#14 C:/laragon/www/2311102179_Praktikum_ABP_02/wowo-inventory/vendor/laravel/framework/src/Illuminate/Routing/Router.php(807): Illuminate/Pipeline/Pipeline->then(Object(Closure))
#15 C:/laragon/www/2311102179_Praktikum_ABP_02/wowo-inventory/vendor/laravel/framework/src/Illuminate/Routing/Router.php(786): Illuminate/Routing/Router->runRouteWithinStack(Object(Illuminate/Routing/Route), Object(Illuminate/Http/Request))
#16 C:/laragon/www/2311102179_Praktikum_ABP_02/wowo-inventory/vendor/laravel/framework/src/Illuminate/Routing/Router.php(750): Illuminate/Routing/Router->runRoute(Object(Illuminate/Http/Request), Object(Illuminate/Routing/Route))
#17 C:/laragon/www/2311102179_Praktikum_ABP_02/wowo-inventory/vendor/laravel/framework/src/Illuminate/Routing/Router.php(739): Illuminate/Routing/Router->dispatchToRoute(Object(Illuminate/Http/Request))
#18 C:/laragon/www/2311102179_Praktikum_ABP_02/wowo-inventory/vendor/laravel/framework/src/Illuminate/Foundation/Http/Kernel.php(201): Illuminate/Routing/Router->dispatch(Object(Illuminate/Http/Request))
#19 C:/laragon/www/2311102179_Praktikum_ABP_02/wowo-inventory/vendor/laravel/framework/src/Illuminate/Pipeline/Pipeline.php(170): Illuminate/Foundation/Http/Kernel->Illuminate/Foundation/Http/{closure}(Object(Illuminate/Http/Request))
#20 C:/laragon/www/2311102179_Praktikum_ABP_02/wowo-inventory/vendor/laravel/framework/src/Illuminate/Foundation/Http/Middleware/TransformsRequest.php(21): Illuminate/Pipeline/Pipeline->Illuminate/Pipeline/{closure}(Object(Illuminate/Http/Request))
#21 C:/laragon/www/2311102179_Praktikum_ABP_02/wowo-inventory/vendor/laravel/framework/src/Illuminate/Foundation/Http/Middleware/ConvertEmptyStringsToNull.php(31): Illuminate/Foundation/Http/Middleware/TransformsRequest->handle(Object(Illuminate/Http/Request), Object(Closure))
#22 C:/laragon/www/2311102179_Praktikum_ABP_02/wowo-inventory/vendor/laravel/framework/src/Illuminate/Pipeline/Pipeline.php(209): Illuminate/Foundation/Http/Middleware/ConvertEmptyStringsToNull->handle(Object(Illuminate/Http/Request), Object(Closure))
#23 C:/laragon/www/2311102179_Praktikum_ABP_02/wowo-inventory/vendor/laravel/framework/src/Illuminate/Foundation/Http/Middleware/TransformsRequest.php(21): Illuminate/Pipeline/Pipeline->Illuminate/Pipeline/{closure}(Object(Illuminate/Http/Request))
#24 C:/laragon/www/2311102179_Praktikum_ABP_02/wowo-inventory/vendor/laravel/framework/src/Illuminate/Foundation/Http/Middleware/TrimStrings.php(51): Illuminate/Foundation/Http/Middleware/TransformsRequest->handle(Object(Illuminate/Http/Request), Object(Closure))
#25 C:/laragon/www/2311102179_Praktikum_ABP_02/wowo-inventory/vendor/laravel/framework/src/Illuminate/Pipeline/Pipeline.php(209): Illuminate/Foundation/Http/Middleware/TrimStrings->handle(Object(Illuminate/Http/Request), Object(Closure))
#26 C:/laragon/www/2311102179_Praktikum_ABP_02/wowo-inventory/vendor/laravel/framework/src/Illuminate/Http/Middleware/ValidatePostSize.php(27): Illuminate/Pipeline/Pipeline->Illuminate/Pipeline/{closure}(Object(Illuminate/Http/Request))
#27 C:/laragon/www/2311102179_Praktikum_ABP_02/wowo-inventory/vendor/laravel/framework/src/Illuminate/Pipeline/Pipeline.php(209): Illuminate/Http/Middleware/ValidatePostSize->handle(Object(Illuminate/Http/Request), Object(Closure))
#28 C:/laragon/www/2311102179_Praktikum_ABP_02/wowo-inventory/vendor/laravel/framework/src/Illuminate/Foundation/Http/Middleware/PreventRequestsDuringMaintenance.php(110): Illuminate/Pipeline/Pipeline->Illuminate/Pipeline/{closure}(Object(Illuminate/Http/Request))
#29 C:/laragon/www/2311102179_Praktikum_ABP_02/wowo-inventory/vendor/laravel/framework/src/Illuminate/Pipeline/Pipeline.php(209): Illuminate/Foundation/Http/Middleware/PreventRequestsDuringMaintenance->handle(Object(Illuminate/Http/Request), Object(Closure))
#30 C:/laragon/www/2311102179_Praktikum_ABP_02/wowo-inventory/vendor/laravel/framework/src/Illuminate/Http/Middleware/HandleCors.php(49): Illuminate/Pipeline/Pipeline->Illuminate/Pipeline/{closure}(Object(Illuminate/Http/Request))
#31 C:/laragon/www/2311102179_Praktikum_ABP_02/wowo-inventory/vendor/laravel/framework/src/Illuminate/Pipeline/Pipeline.php(209): Illuminate/Http/Middleware/HandleCors->handle(Object(Illuminate/Http/Request), Object(Closure))
#32 C:/laragon/www/2311102179_Praktikum_ABP_02/wowo-inventory/vendor/laravel/framework/src/Illuminate/Http/Middleware/TrustProxies.php(58): Illuminate/Pipeline/Pipeline->Illuminate/Pipeline/{closure}(Object(Illuminate/Http/Request))
#33 C:/laragon/www/2311102179_Praktikum_ABP_02/wowo-inventory/vendor/laravel/framework/src/Illuminate/Pipeline/Pipeline.php(209): Illuminate/Http/Middleware/TrustProxies->handle(Object(Illuminate/Http/Request), Object(Closure))
#34 C:/laragon/www/2311102179_Praktikum_ABP_02/wowo-inventory/vendor/laravel/framework/src/Illuminate/Foundation/Http/Middleware/InvokeDeferredCallbacks.php(22): Illuminate/Pipeline/Pipeline->Illuminate/Pipeline/{closure}(Object(Illuminate/Http/Request))
#35 C:/laragon/www/2311102179_Praktikum_ABP_02/wowo-inventory/vendor/laravel/framework/src/Illuminate/Pipeline/Pipeline.php(209): Illuminate/Foundation/Http/Middleware/InvokeDeferredCallbacks->handle(Object(Illuminate/Http/Request), Object(Closure))
#36 C:/laragon/www/2311102179_Praktikum_ABP_02/wowo-inventory/vendor/laravel/framework/src/Illuminate/Pipeline/Pipeline.php(127): Illuminate/Pipeline/Pipeline->Illuminate/Pipeline/{closure}(Object(Illuminate/Http/Request))
#37 C:/laragon/www/2311102179_Praktikum_ABP_02/wowo-inventory/vendor/laravel/framework/src/Illuminate/Foundation/Http/Kernel.php(176): Illuminate/Pipeline/Pipeline->then(Object(Closure))
#38 C:/laragon/www/2311102179_Praktikum_ABP_02/wowo-inventory/vendor/laravel/framework/src/Illuminate/Foundation/Http/Kernel.php(145): Illuminate/Foundation/Http/Kernel->sendRequestThroughRouter(Object(Illuminate/Http/Request))
#39 C:/laragon/www/2311102179_Praktikum_ABP_02/wowo-inventory/public/index.php(21): Illuminate/Foundation/Http/Kernel->handle(Object(Illuminate/Http/Request))
#40 C:/laragon/www/2311102179_Praktikum_ABP_02/wowo-inventory/vendor/laravel/framework/src/Illuminate/Foundation/resources/server.php(23): require_once('C://laragon//www//...')
#41 {main}
"} 
[2026-04-24 16:11:01] local.ERROR: file_put_contents(C:\laragon\www\2311102179_Praktikum_ABP_02\wowo-inventory\storage\framework/sessions/ToINyXOdWnDhQ1DZ8hX3KFIQlo6gSYxURfSOYvCt): Failed to open stream: No such file or directory {"exception":"[object] (ErrorException(code: 0): file_put_contents(C:\\laragon\\www\\2311102179_Praktikum_ABP_02\\wowo-inventory\\storage\\framework/sessions/ToINyXOdWnDhQ1DZ8hX3KFIQlo6gSYxURfSOYvCt): Failed to open stream: No such file or directory at C:/laragon/www/2311102179_Praktikum_ABP_02/wowo-inventory/vendor/laravel/framework/src/Illuminate/Filesystem/Filesystem.php:204)
[stacktrace]
#0 C:/laragon/www/2311102179_Praktikum_ABP_02/wowo-inventory/vendor/laravel/framework/src/Illuminate/Foundation/Bootstrap/HandleExceptions.php(258): Illuminate/Foundation/Bootstrap/HandleExceptions->handleError(2, 'file_put_conten...', 'C://laragon//www//...', 204)
#1 [internal function]: Illuminate/Foundation/Bootstrap/HandleExceptions->Illuminate/Foundation/Bootstrap/{closure}(2, 'file_put_conten...', 'C://laragon//www//...', 204)
#2 C:/laragon/www/2311102179_Praktikum_ABP_02/wowo-inventory/vendor/laravel/framework/src/Illuminate/Filesystem/Filesystem.php(204): file_put_contents('C://laragon//www//...', 'a:3:{s:6:\"_toke...', 2)
#3 C:/laragon/www/2311102179_Praktikum_ABP_02/wowo-inventory/vendor/laravel/framework/src/Illuminate/Session/FileSessionHandler.php(90): Illuminate/Filesystem/Filesystem->put('C://laragon//www//...', 'a:3:{s:6:\"_toke...', true)
#4 C:/laragon/www/2311102179_Praktikum_ABP_02/wowo-inventory/vendor/laravel/framework/src/Illuminate/Session/Store.php(176): Illuminate/Session/FileSessionHandler->write('ToINyXOdWnDhQ1D...', 'a:3:{s:6:\"_toke...')
#5 C:/laragon/www/2311102179_Praktikum_ABP_02/wowo-inventory/vendor/laravel/framework/src/Illuminate/Session/Middleware/StartSession.php(245): Illuminate/Session/Store->save()
#6 C:/laragon/www/2311102179_Praktikum_ABP_02/wowo-inventory/vendor/laravel/framework/src/Illuminate/Session/Middleware/StartSession.php(130): Illuminate/Session/Middleware/StartSession->saveSession(Object(Illuminate/Http/Request))
#7 C:/laragon/www/2311102179_Praktikum_ABP_02/wowo-inventory/vendor/laravel/framework/src/Illuminate/Session/Middleware/StartSession.php(64): Illuminate/Session/Middleware/StartSession->handleStatefulRequest(Object(Illuminate/Http/Request), Object(Illuminate/Session/Store), Object(Closure))
#8 C:/laragon/www/2311102179_Praktikum_ABP_02/wowo-inventory/vendor/laravel/framework/src/Illuminate/Pipeline/Pipeline.php(209): Illuminate/Session/Middleware/StartSession->handle(Object(Illuminate/Http/Request), Object(Closure))
#9 C:/laragon/www/2311102179_Praktikum_ABP_02/wowo-inventory/vendor/laravel/framework/src/Illuminate/Cookie/Middleware/AddQueuedCookiesToResponse.php(37): Illuminate/Pipeline/Pipeline->Illuminate/Pipeline/{closure}(Object(Illuminate/Http/Request))
#10 C:/laragon/www/2311102179_Praktikum_ABP_02/wowo-inventory/vendor/laravel/framework/src/Illuminate/Pipeline/Pipeline.php(209): Illuminate/Cookie/Middleware/AddQueuedCookiesToResponse->handle(Object(Illuminate/Http/Request), Object(Closure))
#11 C:/laragon/www/2311102179_Praktikum_ABP_02/wowo-inventory/vendor/laravel/framework/src/Illuminate/Cookie/Middleware/EncryptCookies.php(75): Illuminate/Pipeline/Pipeline->Illuminate/Pipeline/{closure}(Object(Illuminate/Http/Request))
#12 C:/laragon/www/2311102179_Praktikum_ABP_02/wowo-inventory/vendor/laravel/framework/src/Illuminate/Pipeline/Pipeline.php(209): Illuminate/Cookie/Middleware/EncryptCookies->handle(Object(Illuminate/Http/Request), Object(Closure))
#13 C:/laragon/www/2311102179_Praktikum_ABP_02/wowo-inventory/vendor/laravel/framework/src/Illuminate/Pipeline/Pipeline.php(127): Illuminate/Pipeline/Pipeline->Illuminate/Pipeline/{closure}(Object(Illuminate/Http/Request))
#14 C:/laragon/www/2311102179_Praktikum_ABP_02/wowo-inventory/vendor/laravel/framework/src/Illuminate/Routing/Router.php(807): Illuminate/Pipeline/Pipeline->then(Object(Closure))
#15 C:/laragon/www/2311102179_Praktikum_ABP_02/wowo-inventory/vendor/laravel/framework/src/Illuminate/Routing/Router.php(786): Illuminate/Routing/Router->runRouteWithinStack(Object(Illuminate/Routing/Route), Object(Illuminate/Http/Request))
#16 C:/laragon/www/2311102179_Praktikum_ABP_02/wowo-inventory/vendor/laravel/framework/src/Illuminate/Routing/Router.php(750): Illuminate/Routing/Router->runRoute(Object(Illuminate/Http/Request), Object(Illuminate/Routing/Route))
#17 C:/laragon/www/2311102179_Praktikum_ABP_02/wowo-inventory/vendor/laravel/framework/src/Illuminate/Routing/Router.php(739): Illuminate/Routing/Router->dispatchToRoute(Object(Illuminate/Http/Request))
#18 C:/laragon/www/2311102179_Praktikum_ABP_02/wowo-inventory/vendor/laravel/framework/src/Illuminate/Foundation/Http/Kernel.php(201): Illuminate/Routing/Router->dispatch(Object(Illuminate/Http/Request))
#19 C:/laragon/www/2311102179_Praktikum_ABP_02/wowo-inventory/vendor/laravel/framework/src/Illuminate/Pipeline/Pipeline.php(170): Illuminate/Foundation/Http/Kernel->Illuminate/Foundation/Http/{closure}(Object(Illuminate/Http/Request))
#20 C:/laragon/www/2311102179_Praktikum_ABP_02/wowo-inventory/vendor/laravel/framework/src/Illuminate/Foundation/Http/Middleware/TransformsRequest.php(21): Illuminate/Pipeline/Pipeline->Illuminate/Pipeline/{closure}(Object(Illuminate/Http/Request))
#21 C:/laragon/www/2311102179_Praktikum_ABP_02/wowo-inventory/vendor/laravel/framework/src/Illuminate/Foundation/Http/Middleware/ConvertEmptyStringsToNull.php(31): Illuminate/Foundation/Http/Middleware/TransformsRequest->handle(Object(Illuminate/Http/Request), Object(Closure))
#22 C:/laragon/www/2311102179_Praktikum_ABP_02/wowo-inventory/vendor/laravel/framework/src/Illuminate/Pipeline/Pipeline.php(209): Illuminate/Foundation/Http/Middleware/ConvertEmptyStringsToNull->handle(Object(Illuminate/Http/Request), Object(Closure))
#23 C:/laragon/www/2311102179_Praktikum_ABP_02/wowo-inventory/vendor/laravel/framework/src/Illuminate/Foundation/Http/Middleware/TransformsRequest.php(21): Illuminate/Pipeline/Pipeline->Illuminate/Pipeline/{closure}(Object(Illuminate/Http/Request))
#24 C:/laragon/www/2311102179_Praktikum_ABP_02/wowo-inventory/vendor/laravel/framework/src/Illuminate/Foundation/Http/Middleware/TrimStrings.php(51): Illuminate/Foundation/Http/Middleware/TransformsRequest->handle(Object(Illuminate/Http/Request), Object(Closure))
#25 C:/laragon/www/2311102179_Praktikum_ABP_02/wowo-inventory/vendor/laravel/framework/src/Illuminate/Pipeline/Pipeline.php(209): Illuminate/Foundation/Http/Middleware/TrimStrings->handle(Object(Illuminate/Http/Request), Object(Closure))
#26 C:/laragon/www/2311102179_Praktikum_ABP_02/wowo-inventory/vendor/laravel/framework/src/Illuminate/Http/Middleware/ValidatePostSize.php(27): Illuminate/Pipeline/Pipeline->Illuminate/Pipeline/{closure}(Object(Illuminate/Http/Request))
#27 C:/laragon/www/2311102179_Praktikum_ABP_02/wowo-inventory/vendor/laravel/framework/src/Illuminate/Pipeline/Pipeline.php(209): Illuminate/Http/Middleware/ValidatePostSize->handle(Object(Illuminate/Http/Request), Object(Closure))
#28 C:/laragon/www/2311102179_Praktikum_ABP_02/wowo-inventory/vendor/laravel/framework/src/Illuminate/Foundation/Http/Middleware/PreventRequestsDuringMaintenance.php(110): Illuminate/Pipeline/Pipeline->Illuminate/Pipeline/{closure}(Object(Illuminate/Http/Request))
#29 C:/laragon/www/2311102179_Praktikum_ABP_02/wowo-inventory/vendor/laravel/framework/src/Illuminate/Pipeline/Pipeline.php(209): Illuminate/Foundation/Http/Middleware/PreventRequestsDuringMaintenance->handle(Object(Illuminate/Http/Request), Object(Closure))
#30 C:/laragon/www/2311102179_Praktikum_ABP_02/wowo-inventory/vendor/laravel/framework/src/Illuminate/Http/Middleware/HandleCors.php(49): Illuminate/Pipeline/Pipeline->Illuminate/Pipeline/{closure}(Object(Illuminate/Http/Request))
#31 C:/laragon/www/2311102179_Praktikum_ABP_02/wowo-inventory/vendor/laravel/framework/src/Illuminate/Pipeline/Pipeline.php(209): Illuminate/Http/Middleware/HandleCors->handle(Object(Illuminate/Http/Request), Object(Closure))
#32 C:/laragon/www/2311102179_Praktikum_ABP_02/wowo-inventory/vendor/laravel/framework/src/Illuminate/Http/Middleware/TrustProxies.php(58): Illuminate/Pipeline/Pipeline->Illuminate/Pipeline/{closure}(Object(Illuminate/Http/Request))
#33 C:/laragon/www/2311102179_Praktikum_ABP_02/wowo-inventory/vendor/laravel/framework/src/Illuminate/Pipeline/Pipeline.php(209): Illuminate/Http/Middleware/TrustProxies->handle(Object(Illuminate/Http/Request), Object(Closure))
#34 C:/laragon/www/2311102179_Praktikum_ABP_02/wowo-inventory/vendor/laravel/framework/src/Illuminate/Foundation/Http/Middleware/InvokeDeferredCallbacks.php(22): Illuminate/Pipeline/Pipeline->Illuminate/Pipeline/{closure}(Object(Illuminate/Http/Request))
#35 C:/laragon/www/2311102179_Praktikum_ABP_02/wowo-inventory/vendor/laravel/framework/src/Illuminate/Pipeline/Pipeline.php(209): Illuminate/Foundation/Http/Middleware/InvokeDeferredCallbacks->handle(Object(Illuminate/Http/Request), Object(Closure))
#36 C:/laragon/www/2311102179_Praktikum_ABP_02/wowo-inventory/vendor/laravel/framework/src/Illuminate/Pipeline/Pipeline.php(127): Illuminate/Pipeline/Pipeline->Illuminate/Pipeline/{closure}(Object(Illuminate/Http/Request))
#37 C:/laragon/www/2311102179_Praktikum_ABP_02/wowo-inventory/vendor/laravel/framework/src/Illuminate/Foundation/Http/Kernel.php(176): Illuminate/Pipeline/Pipeline->then(Object(Closure))
#38 C:/laragon/www/2311102179_Praktikum_ABP_02/wowo-inventory/vendor/laravel/framework/src/Illuminate/Foundation/Http/Kernel.php(145): Illuminate/Foundation/Http/Kernel->sendRequestThroughRouter(Object(Illuminate/Http/Request))
#39 C:/laragon/www/2311102179_Praktikum_ABP_02/wowo-inventory/public/index.php(21): Illuminate/Foundation/Http/Kernel->handle(Object(Illuminate/Http/Request))
#40 C:/laragon/www/2311102179_Praktikum_ABP_02/wowo-inventory/vendor/laravel/framework/src/Illuminate/Foundation/resources/server.php(23): require_once('C://laragon//www//...')
#41 {main}
"} 
[2026-04-24 16:11:06] local.ERROR: Please provide a valid cache path. {"exception":"[object] (InvalidArgumentException(code: 0): Please provide a valid cache path. at C:/laragon/www/2311102179_Praktikum_ABP_02/wowo-inventory/vendor/laravel/framework/src/Illuminate/View/Compilers/Compiler.php:67)
[stacktrace]
#0 C:/laragon/www/2311102179_Praktikum_ABP_02/wowo-inventory/vendor/laravel/framework/src/Illuminate/View/ViewServiceProvider.php(97): Illuminate/View/Compilers/Compiler->__construct(Object(Illuminate/Filesystem/Filesystem), false, '', true, 'php')
#1 C:/laragon/www/2311102179_Praktikum_ABP_02/wowo-inventory/vendor/laravel/framework/src/Illuminate/Container/Container.php(952): Illuminate/View/ViewServiceProvider->Illuminate/View/{closure}(Object(Illuminate/Foundation/Application), Array)
#2 C:/laragon/www/2311102179_Praktikum_ABP_02/wowo-inventory/vendor/laravel/framework/src/Illuminate/Container/Container.php(832): Illuminate/Container/Container->build(Object(Closure))
#3 C:/laragon/www/2311102179_Praktikum_ABP_02/wowo-inventory/vendor/laravel/framework/src/Illuminate/Foundation/Application.php(1078): Illuminate/Container/Container->resolve('blade.compiler', Array, true)
#4 C:/laragon/www/2311102179_Praktikum_ABP_02/wowo-inventory/vendor/laravel/framework/src/Illuminate/Container/Container.php(763): Illuminate/Foundation/Application->resolve('blade.compiler', Array)
#5 C:/laragon/www/2311102179_Praktikum_ABP_02/wowo-inventory/vendor/laravel/framework/src/Illuminate/Foundation/Application.php(1058): Illuminate/Container/Container->make('blade.compiler', Array)
#6 C:/laragon/www/2311102179_Praktikum_ABP_02/wowo-inventory/vendor/laravel/framework/src/Illuminate/View/ViewServiceProvider.php(168): Illuminate/Foundation/Application->make('blade.compiler')
#7 [internal function]: Illuminate/View/ViewServiceProvider->Illuminate/View/{closure}()
#8 C:/laragon/www/2311102179_Praktikum_ABP_02/wowo-inventory/vendor/laravel/framework/src/Illuminate/View/Engines/EngineResolver.php(55): call_user_func(Object(Closure))
#9 C:/laragon/www/2311102179_Praktikum_ABP_02/wowo-inventory/vendor/laravel/framework/src/Illuminate/View/Factory.php(326): Illuminate/View/Engines/EngineResolver->resolve('blade')
#10 C:/laragon/www/2311102179_Praktikum_ABP_02/wowo-inventory/vendor/laravel/framework/src/Illuminate/View/Factory.php(288): Illuminate/View/Factory->getEngineFromPath('C://laragon//www//...')
#11 C:/laragon/www/2311102179_Praktikum_ABP_02/wowo-inventory/vendor/laravel/framework/src/Illuminate/View/Factory.php(160): Illuminate/View/Factory->viewInstance('auth.login', 'C://laragon//www//...', Array)
#12 C:/laragon/www/2311102179_Praktikum_ABP_02/wowo-inventory/vendor/laravel/framework/src/Illuminate/Foundation/helpers.php(1062): Illuminate/View/Factory->make('auth.login', Array, Array)
#13 C:/laragon/www/2311102179_Praktikum_ABP_02/wowo-inventory/app/Http/Controllers/Auth/AuthenticatedSessionController.php(16): view('auth.login')
#14 C:/laragon/www/2311102179_Praktikum_ABP_02/wowo-inventory/vendor/laravel/framework/src/Illuminate/Routing/Controller.php(54): App/Http/Controllers/Auth/AuthenticatedSessionController->create()
#15 C:/laragon/www/2311102179_Praktikum_ABP_02/wowo-inventory/vendor/laravel/framework/src/Illuminate/Routing/ControllerDispatcher.php(44): Illuminate/Routing/Controller->callAction('create', Array)
#16 C:/laragon/www/2311102179_Praktikum_ABP_02/wowo-inventory/vendor/laravel/framework/src/Illuminate/Routing/Route.php(266): Illuminate/Routing/ControllerDispatcher->dispatch(Object(Illuminate/Routing/Route), Object(App/Http/Controllers/Auth/AuthenticatedSessionController), 'create')
#17 C:/laragon/www/2311102179_Praktikum_ABP_02/wowo-inventory/vendor/laravel/framework/src/Illuminate/Routing/Route.php(212): Illuminate/Routing/Route->runController()
#18 C:/laragon/www/2311102179_Praktikum_ABP_02/wowo-inventory/vendor/laravel/framework/src/Illuminate/Routing/Router.php(808): Illuminate/Routing/Route->run()
#19 C:/laragon/www/2311102179_Praktikum_ABP_02/wowo-inventory/vendor/laravel/framework/src/Illuminate/Pipeline/Pipeline.php(170): Illuminate/Routing/Router->Illuminate/Routing/{closure}(Object(Illuminate/Http/Request))
#20 C:/laragon/www/2311102179_Praktikum_ABP_02/wowo-inventory/vendor/laravel/framework/src/Illuminate/Auth/Middleware/RedirectIfAuthenticated.php(35): Illuminate/Pipeline/Pipeline->Illuminate/Pipeline/{closure}(Object(Illuminate/Http/Request))
#21 C:/laragon/www/2311102179_Praktikum_ABP_02/wowo-inventory/vendor/laravel/framework/src/Illuminate/Pipeline/Pipeline.php(209): Illuminate/Auth/Middleware/RedirectIfAuthenticated->handle(Object(Illuminate/Http/Request), Object(Closure))
#22 C:/laragon/www/2311102179_Praktikum_ABP_02/wowo-inventory/vendor/laravel/framework/src/Illuminate/Routing/Middleware/SubstituteBindings.php(51): Illuminate/Pipeline/Pipeline->Illuminate/Pipeline/{closure}(Object(Illuminate/Http/Request))
#23 C:/laragon/www/2311102179_Praktikum_ABP_02/wowo-inventory/vendor/laravel/framework/src/Illuminate/Pipeline/Pipeline.php(209): Illuminate/Routing/Middleware/SubstituteBindings->handle(Object(Illuminate/Http/Request), Object(Closure))
#24 C:/laragon/www/2311102179_Praktikum_ABP_02/wowo-inventory/vendor/laravel/framework/src/Illuminate/Foundation/Http/Middleware/VerifyCsrfToken.php(88): Illuminate/Pipeline/Pipeline->Illuminate/Pipeline/{closure}(Object(Illuminate/Http/Request))
#25 C:/laragon/www/2311102179_Praktikum_ABP_02/wowo-inventory/vendor/laravel/framework/src/Illuminate/Pipeline/Pipeline.php(209): Illuminate/Foundation/Http/Middleware/VerifyCsrfToken->handle(Object(Illuminate/Http/Request), Object(Closure))
#26 C:/laragon/www/2311102179_Praktikum_ABP_02/wowo-inventory/vendor/laravel/framework/src/Illuminate/View/Middleware/ShareErrorsFromSession.php(49): Illuminate/Pipeline/Pipeline->Illuminate/Pipeline/{closure}(Object(Illuminate/Http/Request))
#27 C:/laragon/www/2311102179_Praktikum_ABP_02/wowo-inventory/vendor/laravel/framework/src/Illuminate/Pipeline/Pipeline.php(209): Illuminate/View/Middleware/ShareErrorsFromSession->handle(Object(Illuminate/Http/Request), Object(Closure))
#28 C:/laragon/www/2311102179_Praktikum_ABP_02/wowo-inventory/vendor/laravel/framework/src/Illuminate/Session/Middleware/StartSession.php(121): Illuminate/Pipeline/Pipeline->Illuminate/Pipeline/{closure}(Object(Illuminate/Http/Request))
#29 C:/laragon/www/2311102179_Praktikum_ABP_02/wowo-inventory/vendor/laravel/framework/src/Illuminate/Session/Middleware/StartSession.php(64): Illuminate/Session/Middleware/StartSession->handleStatefulRequest(Object(Illuminate/Http/Request), Object(Illuminate/Session/Store), Object(Closure))
#30 C:/laragon/www/2311102179_Praktikum_ABP_02/wowo-inventory/vendor/laravel/framework/src/Illuminate/Pipeline/Pipeline.php(209): Illuminate/Session/Middleware/StartSession->handle(Object(Illuminate/Http/Request), Object(Closure))
#31 C:/laragon/www/2311102179_Praktikum_ABP_02/wowo-inventory/vendor/laravel/framework/src/Illuminate/Cookie/Middleware/AddQueuedCookiesToResponse.php(37): Illuminate/Pipeline/Pipeline->Illuminate/Pipeline/{closure}(Object(Illuminate/Http/Request))
#32 C:/laragon/www/2311102179_Praktikum_ABP_02/wowo-inventory/vendor/laravel/framework/src/Illuminate/Pipeline/Pipeline.php(209): Illuminate/Cookie/Middleware/AddQueuedCookiesToResponse->handle(Object(Illuminate/Http/Request), Object(Closure))
#33 C:/laragon/www/2311102179_Praktikum_ABP_02/wowo-inventory/vendor/laravel/framework/src/Illuminate/Cookie/Middleware/EncryptCookies.php(75): Illuminate/Pipeline/Pipeline->Illuminate/Pipeline/{closure}(Object(Illuminate/Http/Request))
#34 C:/laragon/www/2311102179_Praktikum_ABP_02/wowo-inventory/vendor/laravel/framework/src/Illuminate/Pipeline/Pipeline.php(209): Illuminate/Cookie/Middleware/EncryptCookies->handle(Object(Illuminate/Http/Request), Object(Closure))
#35 C:/laragon/www/2311102179_Praktikum_ABP_02/wowo-inventory/vendor/laravel/framework/src/Illuminate/Pipeline/Pipeline.php(127): Illuminate/Pipeline/Pipeline->Illuminate/Pipeline/{closure}(Object(Illuminate/Http/Request))
#36 C:/laragon/www/2311102179_Praktikum_ABP_02/wowo-inventory/vendor/laravel/framework/src/Illuminate/Routing/Router.php(807): Illuminate/Pipeline/Pipeline->then(Object(Closure))
#37 C:/laragon/www/2311102179_Praktikum_ABP_02/wowo-inventory/vendor/laravel/framework/src/Illuminate/Routing/Router.php(786): Illuminate/Routing/Router->runRouteWithinStack(Object(Illuminate/Routing/Route), Object(Illuminate/Http/Request))
#38 C:/laragon/www/2311102179_Praktikum_ABP_02/wowo-inventory/vendor/laravel/framework/src/Illuminate/Routing/Router.php(750): Illuminate/Routing/Router->runRoute(Object(Illuminate/Http/Request), Object(Illuminate/Routing/Route))
#39 C:/laragon/www/2311102179_Praktikum_ABP_02/wowo-inventory/vendor/laravel/framework/src/Illuminate/Routing/Router.php(739): Illuminate/Routing/Router->dispatchToRoute(Object(Illuminate/Http/Request))
#40 C:/laragon/www/2311102179_Praktikum_ABP_02/wowo-inventory/vendor/laravel/framework/src/Illuminate/Foundation/Http/Kernel.php(201): Illuminate/Routing/Router->dispatch(Object(Illuminate/Http/Request))
#41 C:/laragon/www/2311102179_Praktikum_ABP_02/wowo-inventory/vendor/laravel/framework/src/Illuminate/Pipeline/Pipeline.php(170): Illuminate/Foundation/Http/Kernel->Illuminate/Foundation/Http/{closure}(Object(Illuminate/Http/Request))
#42 C:/laragon/www/2311102179_Praktikum_ABP_02/wowo-inventory/vendor/laravel/framework/src/Illuminate/Foundation/Http/Middleware/TransformsRequest.php(21): Illuminate/Pipeline/Pipeline->Illuminate/Pipeline/{closure}(Object(Illuminate/Http/Request))
#43 C:/laragon/www/2311102179_Praktikum_ABP_02/wowo-inventory/vendor/laravel/framework/src/Illuminate/Foundation/Http/Middleware/ConvertEmptyStringsToNull.php(31): Illuminate/Foundation/Http/Middleware/TransformsRequest->handle(Object(Illuminate/Http/Request), Object(Closure))
#44 C:/laragon/www/2311102179_Praktikum_ABP_02/wowo-inventory/vendor/laravel/framework/src/Illuminate/Pipeline/Pipeline.php(209): Illuminate/Foundation/Http/Middleware/ConvertEmptyStringsToNull->handle(Object(Illuminate/Http/Request), Object(Closure))
#45 C:/laragon/www/2311102179_Praktikum_ABP_02/wowo-inventory/vendor/laravel/framework/src/Illuminate/Foundation/Http/Middleware/TransformsRequest.php(21): Illuminate/Pipeline/Pipeline->Illuminate/Pipeline/{closure}(Object(Illuminate/Http/Request))
#46 C:/laragon/www/2311102179_Praktikum_ABP_02/wowo-inventory/vendor/laravel/framework/src/Illuminate/Foundation/Http/Middleware/TrimStrings.php(51): Illuminate/Foundation/Http/Middleware/TransformsRequest->handle(Object(Illuminate/Http/Request), Object(Closure))
#47 C:/laragon/www/2311102179_Praktikum_ABP_02/wowo-inventory/vendor/laravel/framework/src/Illuminate/Pipeline/Pipeline.php(209): Illuminate/Foundation/Http/Middleware/TrimStrings->handle(Object(Illuminate/Http/Request), Object(Closure))
#48 C:/laragon/www/2311102179_Praktikum_ABP_02/wowo-inventory/vendor/laravel/framework/src/Illuminate/Http/Middleware/ValidatePostSize.php(27): Illuminate/Pipeline/Pipeline->Illuminate/Pipeline/{closure}(Object(Illuminate/Http/Request))
#49 C:/laragon/www/2311102179_Praktikum_ABP_02/wowo-inventory/vendor/laravel/framework/src/Illuminate/Pipeline/Pipeline.php(209): Illuminate/Http/Middleware/ValidatePostSize->handle(Object(Illuminate/Http/Request), Object(Closure))
#50 C:/laragon/www/2311102179_Praktikum_ABP_02/wowo-inventory/vendor/laravel/framework/src/Illuminate/Foundation/Http/Middleware/PreventRequestsDuringMaintenance.php(110): Illuminate/Pipeline/Pipeline->Illuminate/Pipeline/{closure}(Object(Illuminate/Http/Request))
#51 C:/laragon/www/2311102179_Praktikum_ABP_02/wowo-inventory/vendor/laravel/framework/src/Illuminate/Pipeline/Pipeline.php(209): Illuminate/Foundation/Http/Middleware/PreventRequestsDuringMaintenance->handle(Object(Illuminate/Http/Request), Object(Closure))
#52 C:/laragon/www/2311102179_Praktikum_ABP_02/wowo-inventory/vendor/laravel/framework/src/Illuminate/Http/Middleware/HandleCors.php(49): Illuminate/Pipeline/Pipeline->Illuminate/Pipeline/{closure}(Object(Illuminate/Http/Request))
#53 C:/laragon/www/2311102179_Praktikum_ABP_02/wowo-inventory/vendor/laravel/framework/src/Illuminate/Pipeline/Pipeline.php(209): Illuminate/Http/Middleware/HandleCors->handle(Object(Illuminate/Http/Request), Object(Closure))
#54 C:/laragon/www/2311102179_Praktikum_ABP_02/wowo-inventory/vendor/laravel/framework/src/Illuminate/Http/Middleware/TrustProxies.php(58): Illuminate/Pipeline/Pipeline->Illuminate/Pipeline/{closure}(Object(Illuminate/Http/Request))
#55 C:/laragon/www/2311102179_Praktikum_ABP_02/wowo-inventory/vendor/laravel/framework/src/Illuminate/Pipeline/Pipeline.php(209): Illuminate/Http/Middleware/TrustProxies->handle(Object(Illuminate/Http/Request), Object(Closure))
#56 C:/laragon/www/2311102179_Praktikum_ABP_02/wowo-inventory/vendor/laravel/framework/src/Illuminate/Foundation/Http/Middleware/InvokeDeferredCallbacks.php(22): Illuminate/Pipeline/Pipeline->Illuminate/Pipeline/{closure}(Object(Illuminate/Http/Request))
#57 C:/laragon/www/2311102179_Praktikum_ABP_02/wowo-inventory/vendor/laravel/framework/src/Illuminate/Pipeline/Pipeline.php(209): Illuminate/Foundation/Http/Middleware/InvokeDeferredCallbacks->handle(Object(Illuminate/Http/Request), Object(Closure))
#58 C:/laragon/www/2311102179_Praktikum_ABP_02/wowo-inventory/vendor/laravel/framework/src/Illuminate/Pipeline/Pipeline.php(127): Illuminate/Pipeline/Pipeline->Illuminate/Pipeline/{closure}(Object(Illuminate/Http/Request))
#59 C:/laragon/www/2311102179_Praktikum_ABP_02/wowo-inventory/vendor/laravel/framework/src/Illuminate/Foundation/Http/Kernel.php(176): Illuminate/Pipeline/Pipeline->then(Object(Closure))
#60 C:/laragon/www/2311102179_Praktikum_ABP_02/wowo-inventory/vendor/laravel/framework/src/Illuminate/Foundation/Http/Kernel.php(145): Illuminate/Foundation/Http/Kernel->sendRequestThroughRouter(Object(Illuminate/Http/Request))
#61 C:/laragon/www/2311102179_Praktikum_ABP_02/wowo-inventory/public/index.php(21): Illuminate/Foundation/Http/Kernel->handle(Object(Illuminate/Http/Request))
#62 C:/laragon/www/2311102179_Praktikum_ABP_02/wowo-inventory/vendor/laravel/framework/src/Illuminate/Foundation/resources/server.php(23): require_once('C://laragon//www//...')
#63 {main}
"} 
[2026-04-24 16:11:07] local.ERROR: file_put_contents(C:\laragon\www\2311102179_Praktikum_ABP_02\wowo-inventory\storage\framework/sessions/REbF8ca0lVdAEvk0NgybSDhqtsb1xYtjwxlWGPDl): Failed to open stream: No such file or directory {"exception":"[object] (ErrorException(code: 0): file_put_contents(C:\\laragon\\www\\2311102179_Praktikum_ABP_02\\wowo-inventory\\storage\\framework/sessions/REbF8ca0lVdAEvk0NgybSDhqtsb1xYtjwxlWGPDl): Failed to open stream: No such file or directory at C:/laragon/www/2311102179_Praktikum_ABP_02/wowo-inventory/vendor/laravel/framework/src/Illuminate/Filesystem/Filesystem.php:204)
[stacktrace]
#0 C:/laragon/www/2311102179_Praktikum_ABP_02/wowo-inventory/vendor/laravel/framework/src/Illuminate/Foundation/Bootstrap/HandleExceptions.php(258): Illuminate/Foundation/Bootstrap/HandleExceptions->handleError(2, 'file_put_conten...', 'C://laragon//www//...', 204)
#1 [internal function]: Illuminate/Foundation/Bootstrap/HandleExceptions->Illuminate/Foundation/Bootstrap/{closure}(2, 'file_put_conten...', 'C://laragon//www//...', 204)
#2 C:/laragon/www/2311102179_Praktikum_ABP_02/wowo-inventory/vendor/laravel/framework/src/Illuminate/Filesystem/Filesystem.php(204): file_put_contents('C://laragon//www//...', 'a:3:{s:6:\"_toke...', 2)
#3 C:/laragon/www/2311102179_Praktikum_ABP_02/wowo-inventory/vendor/laravel/framework/src/Illuminate/Session/FileSessionHandler.php(90): Illuminate/Filesystem/Filesystem->put('C://laragon//www//...', 'a:3:{s:6:\"_toke...', true)
#4 C:/laragon/www/2311102179_Praktikum_ABP_02/wowo-inventory/vendor/laravel/framework/src/Illuminate/Session/Store.php(176): Illuminate/Session/FileSessionHandler->write('REbF8ca0lVdAEvk...', 'a:3:{s:6:\"_toke...')
#5 C:/laragon/www/2311102179_Praktikum_ABP_02/wowo-inventory/vendor/laravel/framework/src/Illuminate/Session/Middleware/StartSession.php(245): Illuminate/Session/Store->save()
#6 C:/laragon/www/2311102179_Praktikum_ABP_02/wowo-inventory/vendor/laravel/framework/src/Illuminate/Session/Middleware/StartSession.php(130): Illuminate/Session/Middleware/StartSession->saveSession(Object(Illuminate/Http/Request))
#7 C:/laragon/www/2311102179_Praktikum_ABP_02/wowo-inventory/vendor/laravel/framework/src/Illuminate/Session/Middleware/StartSession.php(64): Illuminate/Session/Middleware/StartSession->handleStatefulRequest(Object(Illuminate/Http/Request), Object(Illuminate/Session/Store), Object(Closure))
#8 C:/laragon/www/2311102179_Praktikum_ABP_02/wowo-inventory/vendor/laravel/framework/src/Illuminate/Pipeline/Pipeline.php(209): Illuminate/Session/Middleware/StartSession->handle(Object(Illuminate/Http/Request), Object(Closure))
#9 C:/laragon/www/2311102179_Praktikum_ABP_02/wowo-inventory/vendor/laravel/framework/src/Illuminate/Cookie/Middleware/AddQueuedCookiesToResponse.php(37): Illuminate/Pipeline/Pipeline->Illuminate/Pipeline/{closure}(Object(Illuminate/Http/Request))
#10 C:/laragon/www/2311102179_Praktikum_ABP_02/wowo-inventory/vendor/laravel/framework/src/Illuminate/Pipeline/Pipeline.php(209): Illuminate/Cookie/Middleware/AddQueuedCookiesToResponse->handle(Object(Illuminate/Http/Request), Object(Closure))
#11 C:/laragon/www/2311102179_Praktikum_ABP_02/wowo-inventory/vendor/laravel/framework/src/Illuminate/Cookie/Middleware/EncryptCookies.php(75): Illuminate/Pipeline/Pipeline->Illuminate/Pipeline/{closure}(Object(Illuminate/Http/Request))
#12 C:/laragon/www/2311102179_Praktikum_ABP_02/wowo-inventory/vendor/laravel/framework/src/Illuminate/Pipeline/Pipeline.php(209): Illuminate/Cookie/Middleware/EncryptCookies->handle(Object(Illuminate/Http/Request), Object(Closure))
#13 C:/laragon/www/2311102179_Praktikum_ABP_02/wowo-inventory/vendor/laravel/framework/src/Illuminate/Pipeline/Pipeline.php(127): Illuminate/Pipeline/Pipeline->Illuminate/Pipeline/{closure}(Object(Illuminate/Http/Request))
#14 C:/laragon/www/2311102179_Praktikum_ABP_02/wowo-inventory/vendor/laravel/framework/src/Illuminate/Routing/Router.php(807): Illuminate/Pipeline/Pipeline->then(Object(Closure))
#15 C:/laragon/www/2311102179_Praktikum_ABP_02/wowo-inventory/vendor/laravel/framework/src/Illuminate/Routing/Router.php(786): Illuminate/Routing/Router->runRouteWithinStack(Object(Illuminate/Routing/Route), Object(Illuminate/Http/Request))
#16 C:/laragon/www/2311102179_Praktikum_ABP_02/wowo-inventory/vendor/laravel/framework/src/Illuminate/Routing/Router.php(750): Illuminate/Routing/Router->runRoute(Object(Illuminate/Http/Request), Object(Illuminate/Routing/Route))
#17 C:/laragon/www/2311102179_Praktikum_ABP_02/wowo-inventory/vendor/laravel/framework/src/Illuminate/Routing/Router.php(739): Illuminate/Routing/Router->dispatchToRoute(Object(Illuminate/Http/Request))
#18 C:/laragon/www/2311102179_Praktikum_ABP_02/wowo-inventory/vendor/laravel/framework/src/Illuminate/Foundation/Http/Kernel.php(201): Illuminate/Routing/Router->dispatch(Object(Illuminate/Http/Request))
#19 C:/laragon/www/2311102179_Praktikum_ABP_02/wowo-inventory/vendor/laravel/framework/src/Illuminate/Pipeline/Pipeline.php(170): Illuminate/Foundation/Http/Kernel->Illuminate/Foundation/Http/{closure}(Object(Illuminate/Http/Request))
#20 C:/laragon/www/2311102179_Praktikum_ABP_02/wowo-inventory/vendor/laravel/framework/src/Illuminate/Foundation/Http/Middleware/TransformsRequest.php(21): Illuminate/Pipeline/Pipeline->Illuminate/Pipeline/{closure}(Object(Illuminate/Http/Request))
#21 C:/laragon/www/2311102179_Praktikum_ABP_02/wowo-inventory/vendor/laravel/framework/src/Illuminate/Foundation/Http/Middleware/ConvertEmptyStringsToNull.php(31): Illuminate/Foundation/Http/Middleware/TransformsRequest->handle(Object(Illuminate/Http/Request), Object(Closure))
#22 C:/laragon/www/2311102179_Praktikum_ABP_02/wowo-inventory/vendor/laravel/framework/src/Illuminate/Pipeline/Pipeline.php(209): Illuminate/Foundation/Http/Middleware/ConvertEmptyStringsToNull->handle(Object(Illuminate/Http/Request), Object(Closure))
#23 C:/laragon/www/2311102179_Praktikum_ABP_02/wowo-inventory/vendor/laravel/framework/src/Illuminate/Foundation/Http/Middleware/TransformsRequest.php(21): Illuminate/Pipeline/Pipeline->Illuminate/Pipeline/{closure}(Object(Illuminate/Http/Request))
#24 C:/laragon/www/2311102179_Praktikum_ABP_02/wowo-inventory/vendor/laravel/framework/src/Illuminate/Foundation/Http/Middleware/TrimStrings.php(51): Illuminate/Foundation/Http/Middleware/TransformsRequest->handle(Object(Illuminate/Http/Request), Object(Closure))
#25 C:/laragon/www/2311102179_Praktikum_ABP_02/wowo-inventory/vendor/laravel/framework/src/Illuminate/Pipeline/Pipeline.php(209): Illuminate/Foundation/Http/Middleware/TrimStrings->handle(Object(Illuminate/Http/Request), Object(Closure))
#26 C:/laragon/www/2311102179_Praktikum_ABP_02/wowo-inventory/vendor/laravel/framework/src/Illuminate/Http/Middleware/ValidatePostSize.php(27): Illuminate/Pipeline/Pipeline->Illuminate/Pipeline/{closure}(Object(Illuminate/Http/Request))
#27 C:/laragon/www/2311102179_Praktikum_ABP_02/wowo-inventory/vendor/laravel/framework/src/Illuminate/Pipeline/Pipeline.php(209): Illuminate/Http/Middleware/ValidatePostSize->handle(Object(Illuminate/Http/Request), Object(Closure))
#28 C:/laragon/www/2311102179_Praktikum_ABP_02/wowo-inventory/vendor/laravel/framework/src/Illuminate/Foundation/Http/Middleware/PreventRequestsDuringMaintenance.php(110): Illuminate/Pipeline/Pipeline->Illuminate/Pipeline/{closure}(Object(Illuminate/Http/Request))
#29 C:/laragon/www/2311102179_Praktikum_ABP_02/wowo-inventory/vendor/laravel/framework/src/Illuminate/Pipeline/Pipeline.php(209): Illuminate/Foundation/Http/Middleware/PreventRequestsDuringMaintenance->handle(Object(Illuminate/Http/Request), Object(Closure))
#30 C:/laragon/www/2311102179_Praktikum_ABP_02/wowo-inventory/vendor/laravel/framework/src/Illuminate/Http/Middleware/HandleCors.php(49): Illuminate/Pipeline/Pipeline->Illuminate/Pipeline/{closure}(Object(Illuminate/Http/Request))
#31 C:/laragon/www/2311102179_Praktikum_ABP_02/wowo-inventory/vendor/laravel/framework/src/Illuminate/Pipeline/Pipeline.php(209): Illuminate/Http/Middleware/HandleCors->handle(Object(Illuminate/Http/Request), Object(Closure))
#32 C:/laragon/www/2311102179_Praktikum_ABP_02/wowo-inventory/vendor/laravel/framework/src/Illuminate/Http/Middleware/TrustProxies.php(58): Illuminate/Pipeline/Pipeline->Illuminate/Pipeline/{closure}(Object(Illuminate/Http/Request))
#33 C:/laragon/www/2311102179_Praktikum_ABP_02/wowo-inventory/vendor/laravel/framework/src/Illuminate/Pipeline/Pipeline.php(209): Illuminate/Http/Middleware/TrustProxies->handle(Object(Illuminate/Http/Request), Object(Closure))
#34 C:/laragon/www/2311102179_Praktikum_ABP_02/wowo-inventory/vendor/laravel/framework/src/Illuminate/Foundation/Http/Middleware/InvokeDeferredCallbacks.php(22): Illuminate/Pipeline/Pipeline->Illuminate/Pipeline/{closure}(Object(Illuminate/Http/Request))
#35 C:/laragon/www/2311102179_Praktikum_ABP_02/wowo-inventory/vendor/laravel/framework/src/Illuminate/Pipeline/Pipeline.php(209): Illuminate/Foundation/Http/Middleware/InvokeDeferredCallbacks->handle(Object(Illuminate/Http/Request), Object(Closure))
#36 C:/laragon/www/2311102179_Praktikum_ABP_02/wowo-inventory/vendor/laravel/framework/src/Illuminate/Pipeline/Pipeline.php(127): Illuminate/Pipeline/Pipeline->Illuminate/Pipeline/{closure}(Object(Illuminate/Http/Request))
#37 C:/laragon/www/2311102179_Praktikum_ABP_02/wowo-inventory/vendor/laravel/framework/src/Illuminate/Foundation/Http/Kernel.php(176): Illuminate/Pipeline/Pipeline->then(Object(Closure))
#38 C:/laragon/www/2311102179_Praktikum_ABP_02/wowo-inventory/vendor/laravel/framework/src/Illuminate/Foundation/Http/Kernel.php(145): Illuminate/Foundation/Http/Kernel->sendRequestThroughRouter(Object(Illuminate/Http/Request))
#39 C:/laragon/www/2311102179_Praktikum_ABP_02/wowo-inventory/public/index.php(21): Illuminate/Foundation/Http/Kernel->handle(Object(Illuminate/Http/Request))
#40 C:/laragon/www/2311102179_Praktikum_ABP_02/wowo-inventory/vendor/laravel/framework/src/Illuminate/Foundation/resources/server.php(23): require_once('C://laragon//www//...')
#41 {main}
"} 
[2026-04-24 23:13:22] local.ERROR: Class "Illuminate\Foundation\Providers\ConvertEmptyStringsToNullServiceProvider" not found {"exception":"[object] (Error(code: 0): Class \"Illuminate\\Foundation\\Providers\\ConvertEmptyStringsToNullServiceProvider\" not found at C:/laragon/www/2311102179_Praktikum_ABP_02/wowo-inventory/vendor/laravel/framework/src/Illuminate/Foundation/ProviderRepository.php:206)
[stacktrace]
#0 C:/laragon/www/2311102179_Praktikum_ABP_02/wowo-inventory/vendor/laravel/framework/src/Illuminate/Foundation/ProviderRepository.php(142): Illuminate/Foundation/ProviderRepository->createProvider('Illuminate//Foun...')
#1 C:/laragon/www/2311102179_Praktikum_ABP_02/wowo-inventory/vendor/laravel/framework/src/Illuminate/Foundation/ProviderRepository.php(61): Illuminate/Foundation/ProviderRepository->compileManifest(Array)
#2 C:/laragon/www/2311102179_Praktikum_ABP_02/wowo-inventory/vendor/laravel/framework/src/Illuminate/Foundation/Application.php(871): Illuminate/Foundation/ProviderRepository->load(Array)
#3 C:/laragon/www/2311102179_Praktikum_ABP_02/wowo-inventory/vendor/laravel/framework/src/Illuminate/Foundation/Bootstrap/RegisterProviders.php(37): Illuminate/Foundation/Application->registerConfiguredProviders()
#4 C:/laragon/www/2311102179_Praktikum_ABP_02/wowo-inventory/vendor/laravel/framework/src/Illuminate/Foundation/Application.php(342): Illuminate/Foundation/Bootstrap/RegisterProviders->bootstrap(Object(Illuminate/Foundation/Application))
#5 C:/laragon/www/2311102179_Praktikum_ABP_02/wowo-inventory/vendor/laravel/framework/src/Illuminate/Foundation/Http/Kernel.php(187): Illuminate/Foundation/Application->bootstrapWith(Array)
#6 C:/laragon/www/2311102179_Praktikum_ABP_02/wowo-inventory/vendor/laravel/framework/src/Illuminate/Foundation/Http/Kernel.php(171): Illuminate/Foundation/Http/Kernel->bootstrap()
#7 C:/laragon/www/2311102179_Praktikum_ABP_02/wowo-inventory/vendor/laravel/framework/src/Illuminate/Foundation/Http/Kernel.php(145): Illuminate/Foundation/Http/Kernel->sendRequestThroughRouter(Object(Illuminate/Http/Request))
#8 C:/laragon/www/2311102179_Praktikum_ABP_02/wowo-inventory/public/index.php(21): Illuminate/Foundation/Http/Kernel->handle(Object(Illuminate/Http/Request))
#9 C:/laragon/www/2311102179_Praktikum_ABP_02/wowo-inventory/vendor/laravel/framework/src/Illuminate/Foundation/resources/server.php(23): require_once('C://laragon//www//...')
#10 {main}
"} 
[2026-04-24 23:17:54] local.ERROR: Target class [files] does not exist. {"exception":"[object] (Illuminate\\Contracts\\Container\\BindingResolutionException(code: 0): Target class [files] does not exist. at C:/laragon/www/2311102179_Praktikum_ABP_02/wowo-inventory/vendor/laravel/framework/src/Illuminate/Container/Container.php:961)
[stacktrace]
#0 C:/laragon/www/2311102179_Praktikum_ABP_02/wowo-inventory/vendor/laravel/framework/src/Illuminate/Container/Container.php(832): Illuminate/Container/Container->build('files')
#1 C:/laragon/www/2311102179_Praktikum_ABP_02/wowo-inventory/vendor/laravel/framework/src/Illuminate/Foundation/Application.php(1078): Illuminate/Container/Container->resolve('files', Array, true)
#2 C:/laragon/www/2311102179_Praktikum_ABP_02/wowo-inventory/vendor/laravel/framework/src/Illuminate/Container/Container.php(763): Illuminate/Foundation/Application->resolve('files', Array)
#3 C:/laragon/www/2311102179_Praktikum_ABP_02/wowo-inventory/vendor/laravel/framework/src/Illuminate/Foundation/Application.php(1058): Illuminate/Container/Container->make('files', Array)
#4 C:/laragon/www/2311102179_Praktikum_ABP_02/wowo-inventory/vendor/laravel/framework/src/Illuminate/Container/Container.php(1580): Illuminate/Foundation/Application->make('files')
#5 C:/laragon/www/2311102179_Praktikum_ABP_02/wowo-inventory/vendor/laravel/framework/src/Illuminate/Foundation/Application.php(1325): Illuminate/Container/Container->offsetGet('files')
#6 C:/laragon/www/2311102179_Praktikum_ABP_02/wowo-inventory/vendor/laravel/sanctum/src/SanctumServiceProvider.php(68): Illuminate/Foundation/Application->routesAreCached()
#7 C:/laragon/www/2311102179_Praktikum_ABP_02/wowo-inventory/vendor/laravel/sanctum/src/SanctumServiceProvider.php(56): Laravel/Sanctum/SanctumServiceProvider->defineRoutes()
#8 C:/laragon/www/2311102179_Praktikum_ABP_02/wowo-inventory/vendor/laravel/framework/src/Illuminate/Container/BoundMethod.php(36): Laravel/Sanctum/SanctumServiceProvider->boot()
#9 C:/laragon/www/2311102179_Praktikum_ABP_02/wowo-inventory/vendor/laravel/framework/src/Illuminate/Container/Util.php(43): Illuminate/Container/BoundMethod::Illuminate/Container/{closure}()
#10 C:/laragon/www/2311102179_Praktikum_ABP_02/wowo-inventory/vendor/laravel/framework/src/Illuminate/Container/BoundMethod.php(95): Illuminate/Container/Util::unwrapIfClosure(Object(Closure))
#11 C:/laragon/www/2311102179_Praktikum_ABP_02/wowo-inventory/vendor/laravel/framework/src/Illuminate/Container/BoundMethod.php(35): Illuminate/Container/BoundMethod::callBoundMethod(Object(Illuminate/Foundation/Application), Array, Object(Closure))
#12 C:/laragon/www/2311102179_Praktikum_ABP_02/wowo-inventory/vendor/laravel/framework/src/Illuminate/Container/Container.php(696): Illuminate/Container/BoundMethod::call(Object(Illuminate/Foundation/Application), Array, Array, NULL)
#13 C:/laragon/www/2311102179_Praktikum_ABP_02/wowo-inventory/vendor/laravel/framework/src/Illuminate/Foundation/Application.php(1151): Illuminate/Container/Container->call(Array)
#14 C:/laragon/www/2311102179_Praktikum_ABP_02/wowo-inventory/vendor/laravel/framework/src/Illuminate/Foundation/Application.php(1132): Illuminate/Foundation/Application->bootProvider(Object(Laravel/Sanctum/SanctumServiceProvider))
#15 [internal function]: Illuminate/Foundation/Application->Illuminate/Foundation/{closure}(Object(Laravel/Sanctum/SanctumServiceProvider), 'Laravel//Sanctum...')
#16 C:/laragon/www/2311102179_Praktikum_ABP_02/wowo-inventory/vendor/laravel/framework/src/Illuminate/Foundation/Application.php(1131): array_walk(Array, Object(Closure))
#17 C:/laragon/www/2311102179_Praktikum_ABP_02/wowo-inventory/vendor/laravel/framework/src/Illuminate/Foundation/Bootstrap/BootProviders.php(17): Illuminate/Foundation/Application->boot()
#18 C:/laragon/www/2311102179_Praktikum_ABP_02/wowo-inventory/vendor/laravel/framework/src/Illuminate/Foundation/Application.php(342): Illuminate/Foundation/Bootstrap/BootProviders->bootstrap(Object(Illuminate/Foundation/Application))
#19 C:/laragon/www/2311102179_Praktikum_ABP_02/wowo-inventory/vendor/laravel/framework/src/Illuminate/Foundation/Console/Kernel.php(474): Illuminate/Foundation/Application->bootstrapWith(Array)
#20 C:/laragon/www/2311102179_Praktikum_ABP_02/wowo-inventory/vendor/laravel/framework/src/Illuminate/Foundation/Console/Kernel.php(196): Illuminate/Foundation/Console/Kernel->bootstrap()
#21 C:/laragon/www/2311102179_Praktikum_ABP_02/wowo-inventory/vendor/laravel/framework/src/Illuminate/Foundation/Application.php(1235): Illuminate/Foundation/Console/Kernel->handle(Object(Symfony/Component/Console/Input/ArgvInput), Object(Symfony/Component/Console/Output/ConsoleOutput))
#22 C:/laragon/www/2311102179_Praktikum_ABP_02/wowo-inventory/artisan(13): Illuminate/Foundation/Application->handleCommand(Object(Symfony/Component/Console/Input/ArgvInput))
#23 {main}

[previous exception] [object] (ReflectionException(code: -1): Class \"files\" does not exist at C:/laragon/www/2311102179_Praktikum_ABP_02/wowo-inventory/vendor/laravel/framework/src/Illuminate/Container/Container.php:959)
[stacktrace]
#0 C:/laragon/www/2311102179_Praktikum_ABP_02/wowo-inventory/vendor/laravel/framework/src/Illuminate/Container/Container.php(959): ReflectionClass->__construct('files')
#1 C:/laragon/www/2311102179_Praktikum_ABP_02/wowo-inventory/vendor/laravel/framework/src/Illuminate/Container/Container.php(832): Illuminate/Container/Container->build('files')
#2 C:/laragon/www/2311102179_Praktikum_ABP_02/wowo-inventory/vendor/laravel/framework/src/Illuminate/Foundation/Application.php(1078): Illuminate/Container/Container->resolve('files', Array, true)
#3 C:/laragon/www/2311102179_Praktikum_ABP_02/wowo-inventory/vendor/laravel/framework/src/Illuminate/Container/Container.php(763): Illuminate/Foundation/Application->resolve('files', Array)
#4 C:/laragon/www/2311102179_Praktikum_ABP_02/wowo-inventory/vendor/laravel/framework/src/Illuminate/Foundation/Application.php(1058): Illuminate/Container/Container->make('files', Array)
#5 C:/laragon/www/2311102179_Praktikum_ABP_02/wowo-inventory/vendor/laravel/framework/src/Illuminate/Container/Container.php(1580): Illuminate/Foundation/Application->make('files')
#6 C:/laragon/www/2311102179_Praktikum_ABP_02/wowo-inventory/vendor/laravel/framework/src/Illuminate/Foundation/Application.php(1325): Illuminate/Container/Container->offsetGet('files')
#7 C:/laragon/www/2311102179_Praktikum_ABP_02/wowo-inventory/vendor/laravel/sanctum/src/SanctumServiceProvider.php(68): Illuminate/Foundation/Application->routesAreCached()
#8 C:/laragon/www/2311102179_Praktikum_ABP_02/wowo-inventory/vendor/laravel/sanctum/src/SanctumServiceProvider.php(56): Laravel/Sanctum/SanctumServiceProvider->defineRoutes()
#9 C:/laragon/www/2311102179_Praktikum_ABP_02/wowo-inventory/vendor/laravel/framework/src/Illuminate/Container/BoundMethod.php(36): Laravel/Sanctum/SanctumServiceProvider->boot()
#10 C:/laragon/www/2311102179_Praktikum_ABP_02/wowo-inventory/vendor/laravel/framework/src/Illuminate/Container/Util.php(43): Illuminate/Container/BoundMethod::Illuminate/Container/{closure}()
#11 C:/laragon/www/2311102179_Praktikum_ABP_02/wowo-inventory/vendor/laravel/framework/src/Illuminate/Container/BoundMethod.php(95): Illuminate/Container/Util::unwrapIfClosure(Object(Closure))
#12 C:/laragon/www/2311102179_Praktikum_ABP_02/wowo-inventory/vendor/laravel/framework/src/Illuminate/Container/BoundMethod.php(35): Illuminate/Container/BoundMethod::callBoundMethod(Object(Illuminate/Foundation/Application), Array, Object(Closure))
#13 C:/laragon/www/2311102179_Praktikum_ABP_02/wowo-inventory/vendor/laravel/framework/src/Illuminate/Container/Container.php(696): Illuminate/Container/BoundMethod::call(Object(Illuminate/Foundation/Application), Array, Array, NULL)
#14 C:/laragon/www/2311102179_Praktikum_ABP_02/wowo-inventory/vendor/laravel/framework/src/Illuminate/Foundation/Application.php(1151): Illuminate/Container/Container->call(Array)
#15 C:/laragon/www/2311102179_Praktikum_ABP_02/wowo-inventory/vendor/laravel/framework/src/Illuminate/Foundation/Application.php(1132): Illuminate/Foundation/Application->bootProvider(Object(Laravel/Sanctum/SanctumServiceProvider))
#16 [internal function]: Illuminate/Foundation/Application->Illuminate/Foundation/{closure}(Object(Laravel/Sanctum/SanctumServiceProvider), 'Laravel//Sanctum...')
#17 C:/laragon/www/2311102179_Praktikum_ABP_02/wowo-inventory/vendor/laravel/framework/src/Illuminate/Foundation/Application.php(1131): array_walk(Array, Object(Closure))
#18 C:/laragon/www/2311102179_Praktikum_ABP_02/wowo-inventory/vendor/laravel/framework/src/Illuminate/Foundation/Bootstrap/BootProviders.php(17): Illuminate/Foundation/Application->boot()
#19 C:/laragon/www/2311102179_Praktikum_ABP_02/wowo-inventory/vendor/laravel/framework/src/Illuminate/Foundation/Application.php(342): Illuminate/Foundation/Bootstrap/BootProviders->bootstrap(Object(Illuminate/Foundation/Application))
#20 C:/laragon/www/2311102179_Praktikum_ABP_02/wowo-inventory/vendor/laravel/framework/src/Illuminate/Foundation/Console/Kernel.php(474): Illuminate/Foundation/Application->bootstrapWith(Array)
#21 C:/laragon/www/2311102179_Praktikum_ABP_02/wowo-inventory/vendor/laravel/framework/src/Illuminate/Foundation/Console/Kernel.php(196): Illuminate/Foundation/Console/Kernel->bootstrap()
#22 C:/laragon/www/2311102179_Praktikum_ABP_02/wowo-inventory/vendor/laravel/framework/src/Illuminate/Foundation/Application.php(1235): Illuminate/Foundation/Console/Kernel->handle(Object(Symfony/Component/Console/Input/ArgvInput), Object(Symfony/Component/Console/Output/ConsoleOutput))
#23 C:/laragon/www/2311102179_Praktikum_ABP_02/wowo-inventory/artisan(13): Illuminate/Foundation/Application->handleCommand(Object(Symfony/Component/Console/Input/ArgvInput))
#24 {main}
"} 
